region,cases_distance,deaths_distance,cases_per_100k_distance,deaths_per_100k_distance,is_same_cluster
Bosnia and Herzegovina,1158270.2909090908,23591.872727272726,5723.950491248727,2.5715165563458577,False
Brazil.regions.ES,824314.3272727274,21449.52727272727,1436.3810398531807,1.7188212567842205,False
Brazil.regions.PB,889885.8727272727,23916.254545454543,1041.867768009185,65.68562001873457,False
Brazil.regions.RN,993483.0727272728,26060.563636363637,1645.952555831285,89.27269457745022,False
Croatia,1002402.6000000001,25035.309090909093,3184.8740398569466,91.83332243667101,False
Latvia,1225394.1090909091,30721.67272727273,4652.2441646920715,157.3102700495102,False
Lithuania,1083705.0363636364,28864.6,1700.019526946064,130.59140380171846,False
Brazil.regions.SE,1072596.981818182,27189.654545454545,93.79885701838408,33.87249567847049,False
Djibouti,1299399.9636363636,32738.654545454545,10344.437813621409,273.3727136716431,False
Equatorial Guinea,1330423.1090909091,32924.07272727272,11138.603648421742,281.69952051106594,False
Eswatini,1321367.8909090909,32315.399999999998,9654.248556094186,223.4328534508481,False
Fiji,1270632.690909091,32610.890909090907,8241.720543459234,262.9899089915081,False
Guinea-Bissau,1259316.8,32410.50909090909,10883.196455151374,281.7151267529747,False
North Macedonia,1207838.0545454547,27783.272727272728,4503.71098020502,29.058253392922612,False
Slovenia,1105082.4181818182,28843.036363636365,455.0116201553172,79.47110644886492,False
Sweden.regions.Skåne,1206623.472727273,31509.272727272728,452.6810414659811,163.14876642274956,False
Sweden.regions.Västra Götaland,1172527.6363636362,30887.018181818185,803.683776993963,153.04158168917044,False
Timor,1259095.1454545455,32627.018181818177,10345.744998466273,285.03098365881374,False
Democratic Republic of Congo,1312061.7454545454,32204.2,11912.13914771874,290.9637556084319,False
Brazil.regions.PI,989673.5272727273,26006.745454545457,1964.9224540815076,79.86349874839004,False
Brazil.regions.TO,1089450.0363636361,29337.32727272727,1911.3486906922878,65.90003309934217,False
Gabon,1321311.0,32934.7090909091,10696.529748335692,283.5658220944623,False
Bahamas,1316281.2727272727,32707.454545454544,7980.257498990301,217.37028866076807,False
Brazil.regions.AC:Rio Branco,1273077.8727272728,31814.090909090908,2201.357691512421,23.930425817359357,False
Brazil.regions.AM:Anori,1238474.5454545454,31933.945454545457,1853.3183153576217,132.54263064479446,False
Brazil.regions.AM:Manacapuru,1236360.8727272728,31701.32727272727,1134.7033891985934,118.55028544305584,False
Brazil.regions.AM:Parintins,1251072.3818181818,32074.70909090909,2318.263311810461,25.619323161978926,False
Brazil.regions.AM:Tonantins,1225482.3272727272,31601.781818181822,3571.683131690122,102.10016219348795,False
Brazil.regions.AP:Macapá,1206502.3454545455,31088.436363636363,676.0872825405039,1.5727760644278945,False
Brazil.regions.BA:Barreiras,1241886.509090909,32115.4,1269.7922504046753,82.8328824757207,False
Brazil.regions.BA:Juazeiro,1241098.6363636365,31979.763636363634,3278.4223774395414,106.48095576775177,False
Brazil.regions.BA:Vitória da Conquista,1195701.2727272727,31132.109090909093,671.5538990093502,105.09063820768874,False
Brazil.regions.CE:Santa Quitéria,1235038.3636363635,31914.127272727274,1310.552306602606,164.26001144252763,False
Brazil.regions.GO:Jataí,1257567.9818181817,32287.52727272728,1011.1211775200486,75.29245489124114,False
Brazil.regions.GO:Rio Verde,1303316.1090909091,32290.05454545455,229.29965320072813,8.328276719882487,False
Brazil.regions.MA:Açailândia,1234850.7454545454,31737.218181818185,5988.758947000693,78.27185670757152,False
Brazil.regions.MS:Alcinópolis,1232968.2909090908,31794.781818181815,3544.707695130378,111.0939692826836,False
Brazil.regions.MS:Campo Grande,1184894.0545454544,29214.545454545456,2556.582517732819,121.56858800680361,False
Brazil.regions.MS:Nova Andradina,1229532.2,31710.054545454543,3804.290792139261,107.16349733655689,False
Brazil.regions.MS:Ponta Porã,1254104.490909091,32172.381818181813,702.3717701124517,53.00710031756473,False
Brazil.regions.MS:Rio Verde de Mato Grosso,1243761.6727272726,32023.727272727272,40.173004888020266,60.833291426954496,False
Brazil.regions.MS:Sidrolândia,1262545.6363636365,32447.545454545456,2052.442599621393,33.63883860165177,False
Brazil.regions.MT:Chapada dos Guimarães,1219443.7090909092,31400.52727272727,1621.9213854055308,128.23296118781144,False
Brazil.regions.MT:Nova Monte Verde,1262239.8,32465.61818181818,5150.700650517215,67.61925026304604,False
Brazil.regions.MT:Primavera do Leste,1208366.0,31185.345454545455,10029.777336383291,199.22726887073668,False
Brazil.regions.MT:Rondonópolis,1211294.6545454545,31201.70909090909,3942.0730026734714,100.62621402397404,False
Brazil.regions.MT:União do Sul,1223191.781818182,31540.927272727273,7862.742144700364,119.81175902238884,False
Brazil.regions.PA:Goianésia do Pará,1231481.7999999998,31772.781818181822,6204.851334427589,202.94817531929476,False
Brazil.regions.PA:Parauapebas,1198771.509090909,31763.236363636366,14507.862838430605,60.07329995920563,False
Brazil.regions.PE:Petrolina,1236408.2909090908,32044.41818181818,2677.305850356991,145.2543028598441,False
Brazil.regions.RO:Ji-Paraná,1233007.981818182,31664.96363636364,3648.766130629754,153.36957899809767,False
Brazil.regions.RR:Boa Vista,1171770.2545454546,31063.072727272727,11928.209312714882,70.8058081055991,False
Brazil.regions.RR:Bonfim,1252663.2727272727,32269.981818181823,8146.841584880852,71.55863337579963,False
Brazil.regions.RR:Cantá,1224479.2363636366,31602.25454545455,2064.4196392812923,100.64788152905352,False
Brazil.regions.RS:Alegrete,1229462.4545454546,31676.96363636364,3927.776599995641,110.628399091628,False
Brazil.regions.RS:Dom Pedrito,1256877.2181818183,32335.109090909093,131.9270203315352,39.0767942259597,False
Brazil.regions.RS:Sant'Ana do Livramento,1262410.5454545452,32537.054545454543,1593.752362537186,55.4054651930162,False
Brazil.regions.RS:São Gabriel,1228469.9090909092,31615.218181818185,2531.0527948448557,157.9579771930258,False
Brazil.regions.RS:Uruguaiana,1222859.4363636365,31459.072727272727,103.22142451630302,57.05747346246185,False
Brunei,1363399.6727272728,33267.27272727273,11910.302129422047,291.74261297102356,False
Cyprus,1263241.6,32855.872727272734,669.9630180984676,245.7619499972878,False
Montenegro,1219742.5999999999,31311.054545454543,4590.899082443295,30.16208048641603,False
Sweden.regions.Halland,1322456.8181818181,32950.27272727273,545.9756860990536,195.26845907825734,False
Sweden.regions.Jönköping,1320024.0545454544,32717.272727272728,127.12095836006273,139.16846337402154,False
Sweden.regions.Kalmar,1339302.2363636363,33024.27272727273,2001.2979317021025,191.88476457827508,False
Sweden.regions.Kronoberg,1341173.9454545456,32952.27272727273,700.5240306789135,133.33767221410872,False
Sweden.regions.Sörmland,1337711.0909090908,32793.70909090909,3156.3745794965125,130.7141624967646,False
Sweden.regions.Uppsala,1323102.0727272728,32730.29090909091,1190.5594084147795,148.95125038262935,False
Sweden.regions.Västmanland,1330135.8909090909,32841.10909090909,1802.965542191919,162.89340629642112,False
Sweden.regions.Örebro,1331449.5818181818,32928.27272727273,1305.5294818661998,179.27773786042826,False
Sweden.regions.Östergötland,1318915.3636363635,32597.52727272727,2728.5171484612706,154.11082064741248,False
Benin,1322519.6545454545,32885.218181818185,11628.791195596994,289.1022364934587,False
Cuba,981606.3636363636,30495.745454545457,8613.02644225563,267.93570417574335,False
Greece,908581.1818181818,20453.70909090909,7619.723166947363,169.46476590733047,False
Honduras,1065804.3454545455,25431.47272727272,8981.360983147542,213.33210667796766,False
Brazil.regions.SC,246292.12727272726,15246.109090909093,3579.5943716752245,41.25603923244003,False
Bulgaria,939355.7454545454,15065.345454545453,5878.987920851647,30.428334146779434,False
Nicaragua,1289680.2909090908,32646.072727272727,11276.149831455572,285.71300316163155,False
Serbia,643300.0727272728,26165.563636363637,1399.0559548085866,188.0179070383887,False
Romania,282152.0,978.8363636363637,6364.302082505292,114.39698249883419,False
Andorra,1349297.8181818181,33143.27272727273,6696.2363691736455,128.05897578838915,False
Antigua and Barbuda,1351417.5818181818,33103.90909090909,10565.047913391805,247.43424055700225,False
Brazil.regions.AP:Santana,1192586.2,31235.94545454545,10349.546498662963,140.53239966086448,False
Brazil.regions.BA:Adustina,1220199.6181818182,31455.781818181815,4607.760385679868,131.5841616604753,False
Brazil.regions.BA:Alagoinhas,1234447.981818182,31854.0,1574.7811366149724,81.81138227073245,False
Brazil.regions.BA:Barra do Rocha,1229625.0363636364,31713.090909090908,3861.814922825243,156.296938504655,False
Brazil.regions.BA:Cachoeira,1219573.3636363635,31452.14545454545,5744.0080442872595,191.95380361884293,False
Brazil.regions.BA:Canarana,1250413.981818182,32193.109090909093,5307.5347308232585,149.6273099282989,False
Brazil.regions.BA:Candeias,1225189.1636363636,31621.49090909091,1459.1776120828974,70.19176046473842,False
Brazil.regions.BA:Catu,1226866.309090909,31708.70909090909,1026.5646694657923,105.74382693245796,False
Brazil.regions.BA:Coaraci,1231489.0,31757.05454545455,158.71363206132162,4.5591262462067705,False
Brazil.regions.BA:Conceição do Jacuípe,1257822.527272727,32392.763636363634,1229.734316101321,173.60098773541984,False
Brazil.regions.BA:Conde,1253990.309090909,32281.654545454545,6956.53863042914,227.07828756208394,False
Brazil.regions.BA:Dias d'Ávila,1231068.6909090912,31728.654545454545,3811.340417448578,84.52894504622437,False
Brazil.regions.BA:Gandu,1218363.8,31423.32727272727,1846.8137873760088,100.22651125085919,False
Brazil.regions.BA:Ibirataia,1215811.8727272728,31361.163636363635,4504.655135785163,20.103050769821213,False
Brazil.regions.BA:Ilhéus,1230379.290909091,31669.8,2257.1043745142565,60.661670311580956,False
Brazil.regions.BA:Ipiaú,1242628.2545454546,32011.436363636363,3775.9181019118073,107.67247276676595,False
Brazil.regions.BA:Itagibá,1242184.509090909,32007.0,2583.345195483915,110.06505678109498,False
Brazil.regions.BA:Itajuípe,1230656.5090909088,31749.054545454543,2343.7499805210355,12.459102846963146,False
Brazil.regions.BA:Itapetinga,1215830.5999999999,31348.32727272727,3625.5469219659262,103.10957468090622,False
Brazil.regions.BA:Itororó,1237193.8545454545,31933.218181818185,4708.933858464633,124.40155642881614,False
Brazil.regions.BA:Lauro de Freitas,1245071.3454545455,32073.29090909091,304.3330346682306,24.40708616863749,False
Brazil.regions.BA:Medeiros Neto,1230711.5454545454,31752.781818181822,824.4623392422666,54.750228860154266,False
Brazil.regions.BA:Nova Soure,1235999.8363636362,31863.218181818178,7926.940945408875,190.6024934067273,False
Brazil.regions.BA:Ouriçangas,1217611.0909090908,31392.345454545455,4518.552607813325,182.57837555796968,False
Brazil.regions.BA:Palmeiras,1217861.5272727273,31393.345454545455,7607.509281727057,198.37874178881168,False
Brazil.regions.BA:Piripá,1217153.1636363638,31392.345454545455,1480.2356358215484,201.2751933953446,False
Brazil.regions.BA:Pojuca,1236708.9454545456,31915.12727272727,1623.727195700056,154.4353856365249,False
Brazil.regions.BA:Simões Filho,1212353.6727272726,31244.50909090909,4118.4733719691885,101.07197150116241,False
Brazil.regions.BA:São Domingos,1250916.9818181817,32216.090909090908,103.69157778818594,150.78854293162422,False
Brazil.regions.BA:Teixeira de Freitas,1237715.981818182,31994.454545454544,234.60461230206954,95.76994959604264,False
Brazil.regions.BA:Uruçuca,1219207.2909090908,31406.781818181815,810.3427668284556,82.61494722161032,False
Brazil.regions.BA:Utinga,1222187.0181818183,31537.927272727273,2095.45253880324,188.7081245025426,False
Brazil.regions.CE:Amontada,1218314.0909090908,31425.32727272727,3992.276633493547,149.70237779029046,False
Brazil.regions.CE:Aquiraz,1304483.9090909092,32805.09090909091,3345.453567959945,178.02259154038254,False
Brazil.regions.CE:Aracati,1213281.3636363635,31315.32727272727,69.04906988974068,55.11649241411291,False
Brazil.regions.CE:Beberibe,1237998.8363636362,31920.0,844.7320583007473,72.48404790143941,False
Brazil.regions.CE:Cariús,1215843.781818182,31374.345454545455,1578.713007127007,136.94779923514815,False
Brazil.regions.CE:Cascavel,1211982.5090909093,31250.163636363635,2122.6487748132263,66.65960662608394,False
Brazil.regions.CE:Catarina,1220429.9090909092,31462.50909090909,6803.103887644815,189.73234037279644,False
Brazil.regions.CE:Croatá,1219886.5454545454,31463.50909090909,3221.4993387522804,182.58222272190613,False
Brazil.regions.CE:Eusébio,1227142.9272727272,31764.83636363636,7127.259738561344,51.720637134247845,False
Brazil.regions.CE:Farias Brito,1227407.4000000001,31662.090909090908,2632.074576510672,19.397450327897175,False
Brazil.regions.CE:Fortim,1267660.7636363637,32625.018181818185,2109.3311810873474,117.10009559371106,False
Brazil.regions.CE:Guaraciaba do Norte,1218693.2727272727,31430.50909090909,4459.125573224724,153.6718228587215,False
Brazil.regions.CE:Horizonte,1219122.6727272728,31503.781818181815,669.8728511902292,83.50937989948348,False
Brazil.regions.CE:Iguatu,1212504.4000000001,31342.018181818185,310.2798821919059,69.6311222143749,False
Brazil.regions.CE:Ipaporanga,1228631.6727272728,31703.090909090908,1182.6615193731586,132.16284988872587,False
Brazil.regions.CE:Itaitinga,1241335.4000000001,32026.254545454543,1119.243908656812,110.44556923311383,False
Brazil.regions.CE:Itapajé,1230136.8363636362,31666.781818181815,4725.201845918196,19.453233754177326,False
Brazil.regions.CE:Itapipoca,1222724.1090909091,31524.6,2619.9777423976757,63.71759447210618,False
Brazil.regions.CE:Lavras da Mangabeira,1218291.7272727273,31427.50909090909,1365.6220694606575,108.48601658302519,False
Brazil.regions.CE:Limoeiro do Norte,1216605.490909091,31411.745454545457,1407.3333334985596,36.87131757149333,False
Brazil.regions.CE:Maranguape,1240228.7090909092,31971.909090909092,1950.6740723319542,84.64368833297749,False
Brazil.regions.CE:Mauriti,1256609.3454545455,32319.163636363635,1743.023645459223,54.55473972523032,False
Brazil.regions.CE:Novo Oriente,1222146.7636363637,31515.927272727273,4809.618808466135,141.02109272966217,False
Brazil.regions.CE:Pacatuba,1217685.309090909,31323.2,3370.35102115374,1.6787083902344677,False
Brazil.regions.CE:Pedra Branca,1222466.6727272726,31491.927272727273,7563.463215911816,131.7135604446126,False
Brazil.regions.CE:Pindoretama,1221675.0363636361,31516.927272727273,191.07609279281596,92.58936417055234,False
Brazil.regions.CE:Santana do Acaraú,1218910.5454545454,31397.50909090909,3545.014890300606,20.934907808606308,False
Brazil.regions.CE:Senador Pompeu,1219046.5454545454,31419.50909090909,2117.056179076564,37.44404832928199,False
Brazil.regions.CE:Tianguá,1227304.1090909091,31704.83636363636,1623.637214183413,39.911292487433975,False
Brazil.regions.ES:Afonso Cláudio,1233315.7818181817,31827.800000000003,498.2494230120065,85.4725149545463,False
Brazil.regions.ES:Alto Rio Novo,1239641.4000000001,31943.127272727274,1531.055530889501,1.543289172525776,False
Brazil.regions.ES:Aracruz,1220143.8545454545,31657.272727272728,5577.815142531786,52.937867065003566,False
Brazil.regions.ES:Boa Esperança,1216479.0727272725,31355.345454545455,345.7908012134346,23.26915289721846,False
Brazil.regions.ES:Cachoeiro de Itapemirim,1242597.0909090908,32080.67272727273,1879.0465362224495,13.11681554549993,False
Brazil.regions.ES:Castelo,1248956.6727272726,32177.32727272727,5184.523396077598,33.17799734098485,False
Brazil.regions.ES:Colatina,1210301.2909090908,31383.29090909091,5287.520044221813,3.862043884227052,False
Brazil.regions.ES:Fundão,1230655.8363636362,31737.781818181822,1722.8763952720685,27.30963278729066,False
Brazil.regions.ES:Guarapari,1232082.8727272728,31741.236363636363,2332.471060973497,51.509818721274705,False
Brazil.regions.ES:Ibiraçu,1219433.7999999998,31441.52727272727,3768.23340082555,35.68207823030901,False
Brazil.regions.ES:Itapemirim,1244259.0363636364,32018.47272727272,1950.8921317312268,124.93666147760695,False
Brazil.regions.ES:Nova Venécia,1211936.4000000001,31276.109090909085,1675.2436721062345,28.065380703907294,False
Brazil.regions.ES:Santa Teresa,1259342.909090909,32425.018181818177,7498.104190563721,28.643137397170957,False
Brazil.regions.ES:Sooretama,1229981.781818182,31746.8,387.65020562729165,90.0414295474594,False
Brazil.regions.ES:São Roque do Canaã,1250140.8181818181,32209.090909090908,3206.344472162469,130.22744239609477,False
Brazil.regions.ES:Viana,1231855.1090909091,31710.399999999998,41.37872402746927,44.619023128519764,False
Brazil.regions.GO:Caldas Novas,1220066.0545454547,31489.58181818182,137.06910080453764,25.946510741559276,False
Brazil.regions.GO:Campestre de Goiás,1229490.018181818,31705.909090909092,3847.3993382885137,111.88063265790015,False
Brazil.regions.GO:Cidade Ocidental,1224305.1636363638,31587.018181818185,2801.609114802985,92.36402649763954,False
Brazil.regions.GO:Goianésia,1233163.3454545455,31787.47272727273,3679.1285424335842,67.36140601313977,False
Brazil.regions.GO:Hidrolândia,1243164.1090909091,32011.090909090908,1743.9553743592367,88.08620761387323,False
Brazil.regions.GO:Nova Veneza,1222657.4909090907,31535.58181818182,1327.01135077237,81.01060699860989,False
Brazil.regions.GO:Paranaiguara,1232887.7272727273,31768.254545454543,6163.416465954572,73.72048684223718,False
Brazil.regions.GO:Senador Canedo,1205106.7636363637,31207.52727272727,5487.444932227616,23.764170087745562,False
Brazil.regions.GO:São Luís de Montes Belos,1219358.5272727273,31434.309090909093,2519.175814396783,79.32776971497631,False
Brazil.regions.GO:Trindade,1218900.3636363635,31300.52727272727,2095.06929270374,50.01114034713452,False
Brazil.regions.GO:Valparaíso de Goiás,1242466.6545454545,31962.81818181818,3566.0069912326408,85.9020413131533,False
Brazil.regions.MA:Cajapió,1223683.1272727272,31547.927272727273,9280.741200224771,214.72274921609744,False
Brazil.regions.MA:Icatu,1217850.981818182,31386.61818181818,9636.959020366867,225.3628124242064,False
Brazil.regions.MA:Paço do Lumiar,1232009.8545454545,31582.800000000003,9737.229799344437,98.69803856078057,False
Brazil.regions.MA:Raposa,1216527.5454545454,31352.0,5461.51720275959,118.82789909631059,False
Brazil.regions.MA:Santa Inês,1212448.018181818,31278.781818181815,856.362605536052,50.14940871026331,False
Brazil.regions.MA:São Benedito do Rio Preto,1219665.5454545454,31463.50909090909,2278.861868047599,185.60794340340914,False
Brazil.regions.MA:São José de Ribamar,1229790.8545454545,31499.545454545456,8832.969029474385,108.31827932081177,False
Brazil.regions.MA:Timon,1223966.3636363635,31400.090909090908,7230.228487379564,89.57375928774859,False
Brazil.regions.MT:São José dos Quatro Marcos,1221185.6727272726,31465.690909090914,3325.6033611717153,194.64886926197175,False
Brazil.regions.PA:Abaetetuba,1234389.4181818182,31811.272727272728,5214.266191179915,141.57624218025734,False
Brazil.regions.PA:Barcarena,1228833.490909091,31740.636363636364,1644.7677897783112,100.9031410587017,False
Brazil.regions.PA:Benevides,1229330.5090909093,31700.781818181815,4420.758787502203,115.36122412408245,False
Brazil.regions.PA:Castanhal,1249210.7636363637,31916.236363636363,6701.9886588121435,60.73565031206852,False
Brazil.regions.PA:Marituba,1240501.6727272728,31894.927272727273,8724.236740529259,177.32341039446567,False
Brazil.regions.PA:Santo Antônio do Tauá,1219256.5454545454,31424.50909090909,4422.551041820511,98.81784135761501,False
Brazil.regions.PB:Bayeux,1210158.0727272725,31154.454545454544,2466.752801352928,22.18289390371689,False
Brazil.regions.PB:Cabedelo,1231000.9636363636,31766.18181818182,2937.893406615951,12.75031390654147,False
Brazil.regions.PB:Igaracy,1265459.509090909,32530.109090909093,3780.832034622617,194.12670351569594,False
Brazil.regions.PB:Junco do Seridó,1232748.709090909,31795.781818181815,2317.497921935202,167.65055138671093,False
Brazil.regions.PB:Patos,1232363.7272727275,31845.109090909093,1646.892473956027,53.14894210906585,False
Brazil.regions.PB:Santa Rita,1211921.4545454544,31151.890909090907,3909.023560916887,36.10292701974088,False
Brazil.regions.PB:Serra Branca,1232370.4181818182,31770.781818181815,3630.625877270618,38.645167399211466,False
Brazil.regions.PB:Sousa,1247900.9090909092,32162.981818181815,746.392912315024,91.84919759756714,False
Brazil.regions.PE:Aliança,1239709.8,31904.127272727274,9167.437958811946,122.04470234192314,False
Brazil.regions.PE:Arcoverde,1211686.7999999998,31268.52727272727,2024.5162970891615,98.6699234288693,False
Brazil.regions.PE:Belo Jardim,1306907.4,32767.636363636364,6105.969478794869,123.45367692043413,False
Brazil.regions.PE:Bom Jardim,1219449.4181818182,31410.52727272727,6155.3699912450065,98.09932101807108,False
Brazil.regions.PE:Cachoeirinha,1223217.7090909092,31522.436363636363,7663.669192693789,117.9258998624106,False
Brazil.regions.PE:Camaragibe,1247675.5818181818,31877.018181818185,6363.123766133313,18.193164973504647,False
Brazil.regions.PE:Catende,1219956.0545454544,31419.018181818177,7732.3900772467605,133.33507788639787,False
Brazil.regions.PE:Fernando de Noronha,1254748.6181818182,32294.327272727274,1411.6204524774685,218.52975626677747,False
Brazil.regions.PE:Goiana,1247633.6545454545,32147.32727272727,1741.2997733485283,97.05276533752757,False
Brazil.regions.PE:Igarassu,1217237.5818181818,31252.545454545456,7310.749529674078,81.88818534177288,False
Brazil.regions.PE:Ipubi,1242142.1636363638,31968.0,6848.222321736407,74.11604773800711,False
Brazil.regions.PE:Lagoa do Carro,1222647.0545454547,31530.927272727273,4110.577194116533,144.54188780252682,False
Brazil.regions.PE:Macaparana,1219973.6363636365,31446.563636363633,5729.723516445814,142.92734591407287,False
Brazil.regions.PE:Moreno,1219306.2545454546,31371.50909090909,7648.44985891069,103.0861534089459,False
Brazil.regions.PE:Palmares,1241853.8181818181,31976.309090909086,4522.755910829474,100.0475932573322,False
Brazil.regions.PE:Passira,1216703.5636363635,31347.345454545455,5738.481076873301,92.81083405260928,False
Brazil.regions.PE:Paudalho,1221057.0363636361,31449.58181818182,5817.527696724873,90.91902773007445,False
Brazil.regions.PE:Salgueiro,1213480.3272727272,31362.072727272727,2007.1140961303497,82.31623114345497,False
Brazil.regions.PE:São Lourenço da Mata,1247636.4000000001,31978.254545454543,7233.759265505001,62.62309238180492,False
Brazil.regions.PE:Timbaúba,1217622.2,31372.50909090909,3904.201922691224,73.00822977976055,False
Brazil.regions.PE:Vitória de Santo Antão,1214089.309090909,31187.963636363635,5578.147877421795,65.86433029298776,False
Brazil.regions.PI:Parnaíba,1235929.2000000002,31791.109090909085,567.2252259762251,2.195382082088791,False
Brazil.regions.PI:São José do Divino,1254810.1818181819,32284.327272727274,6674.816176537964,59.40098992903805,False
Brazil.regions.PR:Almirante Tamandaré,1226487.2363636363,31505.036363636365,2182.845536258728,42.04636850045128,False
Brazil.regions.PR:Arapongas,1216182.0363636364,31173.47272727273,438.38369380832955,165.50443114399351,False
Brazil.regions.PR:Araruna,1221735.1454545455,31518.927272727273,4368.151221071533,19.65630070031997,False
Brazil.regions.PR:Araucária,1203337.7999999998,31265.52727272727,7739.755276858519,37.2106708606566,False
Brazil.regions.PR:Assis Chateaubriand,1225296.9636363636,31610.909090909092,3352.0571582583057,48.46094368808508,False
Brazil.regions.PR:Balsa Nova,1216479.7636363637,31369.345454545455,2130.598121637748,36.443946825780465,False
Brazil.regions.PR:Cambé,1218246.7454545456,31459.981818181823,242.01828166583184,34.644830297275796,False
Brazil.regions.PR:Campina Grande do Sul,1218359.0727272728,31420.872727272726,1923.3274485820266,32.32925538013177,False
Brazil.regions.PR:Campo Largo,1253289.1818181816,32259.418181818186,3182.863151087132,58.23819186942456,False
Brazil.regions.PR:Campo Magro,1220563.3636363635,31480.981818181823,446.9273806173809,25.132743134950456,False
Brazil.regions.PR:Campo Mourão,1237752.8545454545,31923.4,3915.5270022646564,37.93588809871818,False
Brazil.regions.PR:Chopinzinho,1218702.6727272726,31432.563636363637,2462.502547196577,27.681711671534416,False
Brazil.regions.PR:Cianorte,1321593.4909090907,32832.818181818184,436.94529115492804,96.06980209306762,False
Brazil.regions.PR:Contenda,1238090.0363636361,31911.218181818185,1396.9847430093855,9.126550448759282,False
Brazil.regions.PR:Cornélio Procópio,1219733.1454545455,31485.0,4059.9194667058237,35.00312435407263,False
Brazil.regions.PR:Faxinal,1249589.6181818182,32158.109090909093,2418.027639009628,122.40006361166901,False
Brazil.regions.PR:Fazenda Rio Grande,1215301.3272727274,31331.2,3878.844391980542,109.27675845146041,False
Brazil.regions.PR:Francisco Beltrão,1217581.6363636365,31545.836363636365,6478.508649079325,3.6284895749620305,False
Brazil.regions.PR:Goioerê,1228029.6181818182,31655.29090909091,3912.939043659705,54.45740531486711,False
Brazil.regions.PR:Guaraniaçu,1219769.2727272727,31455.981818181815,1086.5659509822026,80.03856721992292,False
Brazil.regions.PR:Guaíra,1262152.2000000002,32444.490909090906,216.2195442806129,10.49165219195068,False
Brazil.regions.PR:Ibaiti,1226266.090909091,31588.07272727273,1164.3759642312536,142.11959215828585,False
Brazil.regions.PR:Ibema,1220744.9636363639,31456.45454545454,2884.884161845756,101.99520170389533,False
Brazil.regions.PR:Iretama,1244940.4909090907,32076.436363636363,1321.897823217977,134.5598672674523,False
Brazil.regions.PR:Leópolis,1226429.3636363635,31623.781818181815,528.0312232037877,1.3751254028159885,False
Brazil.regions.PR:Mandirituba,1223426.4181818182,31547.781818181822,1902.1471593340198,45.73997757883418,False
Brazil.regions.PR:Marechal Cândido Rondon,1234037.6181818182,31846.781818181822,1069.0893159957552,57.42731314446667,False
Brazil.regions.PR:Mariópolis,1242742.0727272728,32011.018181818185,957.180107553054,35.88080640400698,False
Brazil.regions.PR:Matinhos,1233212.3636363635,31756.054545454543,557.5597500543236,97.97328955154723,False
Brazil.regions.PR:Medianeira,1232817.4363636363,31833.800000000003,5458.389235071781,3.3136664444498236,False
Brazil.regions.PR:Palmas,1214555.4,31316.890909090907,2383.5174623612006,44.210792237056346,False
Brazil.regions.PR:Paranaguá,1204567.1090909091,31111.763636363634,3588.9828886950895,59.51722760719338,False
Brazil.regions.PR:Paranavaí,1244126.2727272727,32026.81818181818,1321.7801175968207,21.096351527409,False
Brazil.regions.PR:Pato Branco,1251744.909090909,32207.29090909091,3355.4470426784933,50.28388451267031,False
Brazil.regions.PR:Peabiru,1238771.0181818183,31929.509090909094,563.2275940425036,26.46851035582879,False
Brazil.regions.PR:Pinhais,1254595.7090909092,32190.03636363636,2177.397322333853,110.33216949506591,False
Brazil.regions.PR:Piraquara,1210781.0000000002,31260.563636363637,803.1595040763988,16.935532637704135,False
Brazil.regions.PR:Quatiguá,1241937.7272727273,32004.0,8717.717969369562,94.3447989992144,False
Brazil.regions.PR:Quatro Barras,1229899.0727272728,31715.163636363635,3841.866530412824,96.61559547207567,False
Brazil.regions.PR:Rio Branco do Sul,1231206.5272727273,31731.890909090907,6373.36645047532,199.68118979403408,False
Brazil.regions.PR:Rio Negro,1243620.7272727273,32024.436363636363,4223.019985396503,85.98856540616298,False
Brazil.regions.PR:Rolândia,1214039.2727272727,31267.636363636364,87.69691878035609,43.02746854201457,False
Brazil.regions.PR:Santa Fé,1217167.018181818,31355.345454545455,2614.805563899249,97.85463620084639,False
Brazil.regions.PR:Sarandi,1212116.4181818182,31270.654545454545,1376.5859673882517,16.658988521957387,False
Brazil.regions.PR:Sertaneja,1217533.309090909,31387.345454545455,794.7923641098333,29.96692986749058,False
Brazil.regions.PR:São Manoel do Paraná,1226634.8545454545,31632.781818181822,1523.9795787879557,185.46064877978094,False
Brazil.regions.PR:Telêmaco Borba,1238730.5090909093,31930.8,9624.43840806971,178.97719798528405,False
Brazil.regions.PR:Terra Boa,1224348.3272727272,31582.18181818182,3762.960253606422,29.657066337934133,False
Brazil.regions.PR:Terra Rica,1239486.9090909092,31938.14545454545,5608.205292292342,120.24551747768156,False
Brazil.regions.PR:Umuarama,1247025.4727272727,32197.345454545455,3868.2151023405368,27.123188088664495,False
Brazil.regions.PR:União da Vitória,1238811.0545454547,31964.436363636363,1408.175775470825,61.262712827880065,False
Brazil.regions.PR:Verê,1232217.2,31783.290909090905,4880.92289384816,5.40676797532426,False
Brazil.regions.RJ:Angra dos Reis,1222380.509090909,31390.4,3798.312892775128,36.39789965378089,False
Brazil.regions.RJ:Araruama,1217419.4363636365,31120.67272727273,5901.480333342259,50.635455263581996,False
Brazil.regions.RJ:Arraial do Cabo,1229272.2181818183,31680.272727272728,8340.301737361542,147.60209567957554,False
Brazil.regions.RJ:Barra Mansa,1347921.9090909092,32665.363636363636,3412.69641051978,35.59210621331418,False
Brazil.regions.RJ:Barra do Piraí,1217429.8363636362,31186.090909090908,4362.611119199035,90.11069400362474,False
Brazil.regions.RJ:Guapimirim,1264987.7272727273,32476.018181818185,3130.4385361188815,5.476790849655337,False
Brazil.regions.RJ:Iguaba Grande,1219274.9636363639,31440.47272727273,5396.893673744307,126.93880254736706,False
Brazil.regions.RJ:Itaguaí,1221612.727272727,31272.600000000002,6857.388190600404,5.77498173892407,False
Brazil.regions.RJ:Itaperuna,1210725.1454545455,31186.32727272727,3522.5372111624133,68.6589259678566,False
Brazil.regions.RJ:Mangaratiba,1240440.0727272728,31889.654545454545,4269.841288888741,38.56303356518768,False
Brazil.regions.RJ:Maricá,1230760.6181818182,31411.309090909086,4937.807179984982,62.587942231116784,False
Brazil.regions.RJ:Mesquita,1223186.8727272728,31213.418181818186,8711.734196910029,38.78211233786741,False
Brazil.regions.RJ:Miguel Pereira,1265135.6363636365,32518.127272727274,757.9570670848559,8.055832052604387,False
Brazil.regions.RJ:Nilópolis,1220087.272727273,31070.436363636363,8442.4013802279,20.824414121018442,False
Brazil.regions.RJ:Nova Friburgo,1199435.0727272725,30751.563636363637,706.0560539268956,105.68831523635957,False
Brazil.regions.RJ:Paraíba do Sul,1216393.2909090908,31330.70909090909,218.27018850566276,61.566255859303915,False
Brazil.regions.RJ:Porciúncula,1221668.4545454548,31480.163636363635,808.104078357518,119.33583728578895,False
Brazil.regions.RJ:Queimados,1230737.2181818183,31702.399999999998,6842.073785271031,157.21395812251183,False
Brazil.regions.RJ:Resende,1237044.5090909093,31749.32727272727,310.82808230819194,81.25144181315189,False
Brazil.regions.RJ:Rio Bonito,1230618.3818181818,31679.0,613.9150362664046,65.8699860511739,False
Brazil.regions.RJ:Rio das Ostras,1227198.7999999998,31500.14545454545,2156.933518063371,27.644424878809353,False
Brazil.regions.RJ:Seropédica,1237579.7818181817,31779.363636363636,7505.490749651798,55.27447948634703,False
Brazil.regions.RJ:São João da Barra,1213732.2181818183,31378.345454545455,1505.3416702280656,215.05421578138976,False
Brazil.regions.RJ:São Pedro da Aldeia,1228458.7090909092,31520.018181818185,6151.076778470528,7.932135111764939,False
Brazil.regions.RJ:Tanguá,1214453.1454545455,31281.018181818177,49.179213989692286,71.80899554671936,False
Brazil.regions.RJ:Teresópolis,1211840.8545454545,31095.454545454544,2794.662907455942,153.43589845649268,False
Brazil.regions.RJ:Trajano de Moraes,1217412.5454545452,31395.85454545455,3850.913980483149,233.72926599750838,False
Brazil.regions.RJ:Três Rios,1213867.3272727274,31292.018181818185,1443.883310824006,44.03767922207922,False
Brazil.regions.RJ:Valença,1247539.9454545456,32037.85454545455,5299.3772936429605,34.667876408002776,False
Brazil.regions.RN:Açu,1232301.8727272728,31818.127272727274,3014.1038877527685,27.582794647221704,False
Brazil.regions.RN:Baía Formosa,1220732.4181818182,31471.52727272727,5220.91031745626,179.81647300006802,False
Brazil.regions.RN:Caicó,1228369.1272727272,31824.509090909094,6766.981057912013,74.01928832098803,False
Brazil.regions.RN:Caraúbas,1218378.690909091,31437.218181818178,3245.579623053635,65.44996499871273,False
Brazil.regions.RN:Carnaubais,1232192.7999999998,31783.781818181815,30.830187729692923,93.64778122258748,False
Brazil.regions.RN:Ceará-Mirim,1223180.5636363635,31519.781818181815,5811.211532047093,121.58426984972638,False
Brazil.regions.RN:Extremoz,1217373.1090909091,31418.50909090909,2806.949004434977,59.78511394104153,False
Brazil.regions.RN:Luís Gomes,1232777.309090909,31796.54545454546,5099.175082260049,208.00481949898614,False
Brazil.regions.RN:Macaíba,1234771.1454545455,31798.127272727274,3965.2055775910603,74.25317168977324,False
Brazil.regions.RN:Monte Alegre,1239157.9636363636,31954.127272727274,5478.160748138041,231.96121531607957,False
Brazil.regions.RN:Passa e Fica,1239229.2545454546,31958.127272727274,2267.227600889567,228.23405207883977,False
Brazil.regions.RN:Santo Antônio,1218996.4727272727,31424.50909090909,1424.048043426955,44.67870303513825,False
Brazil.regions.RN:São Gonçalo do Amarante,1232101.5636363635,31751.763636363637,2822.0181244988325,72.59387957658019,False
Brazil.regions.RN:São José de Mipibu,1235719.6363636362,31897.145454545458,295.8848141812696,126.09720029637812,False
Brazil.regions.RN:Tibau,1239634.0727272728,31953.127272727274,7160.4459818671285,11.298430526705431,False
Brazil.regions.RS:Alvorada,1264160.4727272727,32012.47272727273,1008.5844823869386,75.88112790373734,False
Brazil.regions.RS:Anta Gorda,1263104.7454545454,32481.61818181818,620.3966546210781,218.65320105856475,False
Brazil.regions.RS:Arroio do Sal,1225680.9454545456,31595.054545454543,681.3323582676476,116.65388954936242,False
Brazil.regions.RS:Arroio dos Ratos,1217066.1636363638,31364.727272727272,3110.959493900329,24.29185656613215,False
Brazil.regions.RS:Bento Gonçalves,1249917.5636363635,32289.61818181818,5384.601453056781,14.688923974811338,False
Brazil.regions.RS:Cachoeirinha,1228053.3636363635,31591.272727272728,850.6304601850193,56.714014059193325,False
Brazil.regions.RS:Camaquã,1256532.4181818182,32338.018181818177,242.08356323650798,62.776182461764144,False
Brazil.regions.RS:Campo Bom,1351499.8909090909,32978.70909090909,3113.2653047533163,91.35234550586743,False
Brazil.regions.RS:Capão da Canoa,1257718.0727272728,32336.727272727272,4313.351642810361,89.15280227428717,False
Brazil.regions.RS:Capão do Leão,1241116.8727272728,31951.0,1919.1170830063538,37.9316346447605,False
Brazil.regions.RS:Carlos Barbosa,1265333.4181818182,32605.58181818182,3970.753391527466,127.99666075968989,False
Brazil.regions.RS:Cerro Grande do Sul,1260126.509090909,32405.70909090909,3215.13912245418,88.94578555304427,False
Brazil.regions.RS:Charqueadas,1264699.709090909,32551.018181818185,1459.88363185561,36.93558807728804,False
Brazil.regions.RS:Cruzeiro do Sul,1264632.1818181819,32497.090909090908,787.5735901626017,26.9236387925659,False
Brazil.regions.RS:Dois Irmãos,1265408.6545454545,32582.018181818177,2426.0071772169404,69.68489735222556,False
Brazil.regions.RS:Eldorado do Sul,1264896.2181818183,32526.29090909091,832.2703070112622,19.954174120578827,False
Brazil.regions.RS:Encantado,1218704.6181818182,31431.50909090909,447.65196854659894,60.89527385679621,False
Brazil.regions.RS:Erechim,1271263.5999999999,32584.2,2436.6369629810874,105.08405570344406,False
Brazil.regions.RS:Esteio,1215484.3454545455,31272.581818181814,2858.8720377840045,157.27283252008098,False
Brazil.regions.RS:Estrela,1265981.0,32583.018181818185,172.86483455787712,81.82068906862874,False
Brazil.regions.RS:Estância Velha,1261934.0000000002,32453.072727272727,559.2932290861697,6.0564472138097445,False
Brazil.regions.RS:Farroupilha,1276534.5818181818,32635.018181818185,1518.0514031904092,90.49937165364416,False
Brazil.regions.RS:Garibaldi,1258354.7090909092,32421.50909090909,4225.425070019501,102.728424759169,False
Brazil.regions.RS:Glorinha,1217437.0363636361,31374.345454545455,2013.0957766564547,45.07426216149422,False
Brazil.regions.RS:Guaíba,1228742.0545454547,31583.399999999998,2667.375178296197,29.460106892424463,False
Brazil.regions.RS:Harmonia,1220532.0909090908,31467.50909090909,3886.8377377541565,9.537379604315156,False
Brazil.regions.RS:Ivoti,1268916.9090909092,32651.52727272727,2544.757821990208,22.68305696956699,False
Brazil.regions.RS:Lajeado,1255535.981818182,32461.909090909092,5873.696444906385,59.530097855974304,False
Brazil.regions.RS:Marau,1250520.8363636362,32259.909090909092,5777.131685018031,45.39194522143639,False
Brazil.regions.RS:Minas do Leão,1223185.6181818182,31545.927272727273,2552.540116020273,165.89625318585396,False
Brazil.regions.RS:Nova Palma,1257344.8545454545,32354.490909090906,1689.4455482651183,115.55687445318927,False
Brazil.regions.RS:Osório,1256821.4363636365,32383.345454545455,8631.15509651408,45.33595395964855,False
Brazil.regions.RS:Paraí,1262248.2545454546,32464.29090909091,8269.851443980353,7.338381286308707,False
Brazil.regions.RS:Pareci Novo,1220660.9090909092,31474.690909090907,4450.590859040568,125.0636492429703,False
Brazil.regions.RS:Passo Fundo,1222732.1818181816,31716.127272727274,6270.829547774337,34.97501777714104,False
Brazil.regions.RS:Rolante,1254492.3272727274,32309.872727272726,5161.918577795715,23.956884672956868,False
Brazil.regions.RS:Sananduva,1223844.0545454547,31598.781818181815,7599.0598712336705,56.78710738343685,False
Brazil.regions.RS:Santa Cruz do Sul,1206873.3818181818,31309.85454545455,4522.760983502846,28.906455144247627,False
Brazil.regions.RS:Santa Rosa,1241386.2727272727,32094.52727272727,7611.903139845673,8.3880437840855,False
Brazil.regions.RS:Santo Antônio da Patrulha,1262683.3818181818,32445.363636363636,756.9233740235954,58.51569801783477,False
Brazil.regions.RS:Sapiranga,1286201.4545454546,32517.163636363635,4375.832787255887,107.50821264564887,False
Brazil.regions.RS:Sapucaia do Sul,1221014.781818182,31395.03636363636,313.5872014946956,68.7220738170779,False
Brazil.regions.RS:Serafina Corrêa,1267185.5636363637,32618.018181818185,4049.5331607778817,87.02586274598103,False
Brazil.regions.RS:São Domingos do Sul,1242950.2181818183,32027.0,3741.9980162168595,118.89006033006291,False
Brazil.regions.RS:São Jorge,1226458.8545454545,31623.781818181815,2531.2087540207726,111.46517222536013,False
Brazil.regions.RS:São Sebastião do Caí,1236927.709090909,31908.14545454545,2521.9922725813963,59.10818518805313,False
Brazil.regions.RS:Tabaí,1223293.6363636365,31547.927272727273,993.1911341963033,129.01484957211144,False
Brazil.regions.RS:Taquara,1280331.8,32601.945454545457,1773.6006803188013,18.16700033441597,False
Brazil.regions.RS:Taquari,1242603.0909090908,32021.47272727272,1395.7574923264021,21.611199132831697,False
Brazil.regions.RS:Torres,1263934.5636363635,32542.018181818177,4105.662831292042,1.0340007973389467,False
Brazil.regions.RS:Tramandaí,1230480.9090909092,31680.381818181813,1334.9763102089355,119.9972507976877,False
Brazil.regions.RS:Tupandi,1220496.7818181817,31469.50909090909,4647.237190200781,50.126718691014815,False
Brazil.regions.RS:Vila Maria,1236073.1272727272,31878.38181818182,5650.156154302168,73.75671289208529,False
Brazil.regions.SC:Anita Garibaldi,1220043.6545454545,31470.50909090909,6087.592509039984,136.5037975356185,False
Brazil.regions.SC:Antônio Carlos,1253406.9636363636,32269.600000000002,8187.774188676433,30.09045004597601,False
Brazil.regions.SC:Araranguá,1222514.2545454546,31560.490909090906,5052.979920559994,77.04647639057715,False
Brazil.regions.SC:Balneário Arroio do Silva,1258972.6545454545,32371.81818181818,5111.560882208282,157.85555519310017,False
Brazil.regions.SC:Balneário Camboriú,1273886.581818182,32459.563636363633,6308.200598517729,20.620234177089795,False
Brazil.regions.SC:Balneário Gaivota,1228686.2181818183,31683.509090909094,1356.6043417526541,54.3950251026254,False
Brazil.regions.SC:Biguaçu,1225598.0,31720.763636363634,5476.9926608483565,36.9677558080814,False
Brazil.regions.SC:Botuverá,1222923.272727273,31544.927272727273,6872.722153416593,86.72993569672175,False
Brazil.regions.SC:Braço do Norte,1322347.2363636366,32885.03636363637,13873.646855487326,32.878364370852566,False
Brazil.regions.SC:Brusque,1223496.2363636366,31930.49090909091,10083.189916389741,62.3704252104707,False
Brazil.regions.SC:Camboriú,1248123.0727272725,32266.854545454542,4540.094272853832,88.80393476492772,False
Brazil.regions.SC:Canelinha,1259693.7636363637,32413.709090909095,319.7200502021988,154.32128346580257,False
Brazil.regions.SC:Forquilhinha,1211745.8909090909,31338.4,13161.96039815059,44.792524080805514,False
Brazil.regions.SC:Gaspar,1257568.9272727272,32363.345454545455,849.2645402351723,38.43576183990918,False
Brazil.regions.SC:Governador Celso Ramos,1230680.6181818182,31776.781818181815,7661.884619371188,92.9586066097686,False
Brazil.regions.SC:Gravatal,1267697.0909090908,32605.018181818185,7538.576013245541,130.3520043925291,False
Brazil.regions.SC:Guabiruba,1214384.5454545454,31353.727272727272,5055.633553054103,80.3809617589805,False
Brazil.regions.SC:Imbituba,1265421.3818181818,32608.872727272726,4045.700225132806,48.99840271688379,False
Brazil.regions.SC:Indaial,1238528.8,32033.490909090906,3673.7244353598944,102.63198650506344,False
Brazil.regions.SC:Irati,1233049.4363636365,31795.781818181815,5152.830713160271,134.96910874590256,False
Brazil.regions.SC:Itapema,1245816.0181818183,32125.872727272726,7529.153033390787,82.4065281280477,False
Brazil.regions.SC:Itapiranga,1227735.7090909092,31703.745454545457,2740.3006424555856,181.92388798437605,False
Brazil.regions.SC:Içara,1258534.0363636361,32409.018181818185,1944.3729518014873,61.394192989217096,False
Brazil.regions.SC:Jaguaruna,1266471.4363636365,32594.29090909091,5700.102793546044,6.2814141144978555,False
Brazil.regions.SC:Jaraguá do Sul,1240077.5818181818,32317.47272727273,6923.714052918572,63.3535951788753,False
Brazil.regions.SC:Joaçaba,1230152.8909090909,31817.38181818182,11176.574360149769,47.85431235713575,False
Brazil.regions.SC:Laguna,1258240.5636363635,32339.963636363635,878.786733093698,32.39419295943893,False
Brazil.regions.SC:Mafra,1227952.2000000002,31681.18181818182,1237.2402843123973,61.745726445433235,False
Brazil.regions.SC:Morro da Fumaça,1229783.7818181817,31762.29090909091,9244.428935204063,46.39127571071239,False
Brazil.regions.SC:Navegantes,1262084.6727272726,32527.090909090908,1296.2232893405987,55.85025894874907,False
Brazil.regions.SC:Palhoça,1205050.8909090909,31471.054545454543,5636.556991875702,85.86399332873954,False
Brazil.regions.SC:Papanduva,1250196.4727272727,32184.090909090908,2160.3774317777365,55.524847775448734,False
Brazil.regions.SC:Paulo Lopes,1235505.5090909093,31872.38181818182,6310.978691926744,80.11333559272406,False
Brazil.regions.SC:Pedras Grandes,1229255.3272727274,31698.090909090908,8474.460981879081,274.5168557061823,False
Brazil.regions.SC:Pescaria Brava,1243930.9090909092,32067.2,8757.306475105659,41.88898036444544,False
Brazil.regions.SC:Pomerode,1266798.4727272727,32650.981818181815,5121.5201536477225,93.54431765056864,False
Brazil.regions.SC:Porto Belo,1263151.4000000001,32482.727272727272,1765.8521416809353,38.169576188245784,False
Brazil.regions.SC:Rancho Queimado,1338829.0363636361,33045.07272727273,4831.892658387151,220.97383898783556,False
Brazil.regions.SC:Sangão,1219383.3636363635,31467.50909090909,3938.42374487466,174.15743173886128,False
Brazil.regions.SC:Santa Rosa de Lima,1220925.8181818181,31475.50909090909,4099.111863860154,43.270560505117736,False
Brazil.regions.SC:Santo Amaro da Imperatriz,1220110.5636363637,31481.927272727273,5322.013309273516,36.69466985961603,False
Brazil.regions.SC:Siderópolis,1256557.5454545454,32318.49090909091,1080.9760904703232,51.070719085948525,False
Brazil.regions.SC:Sombrio,1226225.4727272727,31639.363636363636,1688.4324321710699,13.025514830632142,False
Brazil.regions.SC:São Bento do Sul,1207913.490909091,31226.690909090907,1395.79815299389,70.50135307783526,False
Brazil.regions.SC:São Domingos,1225573.7636363637,31613.781818181815,2568.703026335094,55.71337901133598,False
Brazil.regions.SC:São Francisco do Sul,1244803.7818181815,32083.87272727273,2465.8033090145395,9.718334626081514,False
Brazil.regions.SC:São Lourenço do Oeste,1253714.4000000001,32243.218181818185,5512.513766226304,63.27853520327164,False
Brazil.regions.SC:São Ludgero,1258012.6727272726,32394.70909090909,11860.835906754299,24.04098342632362,False
Brazil.regions.SC:São Pedro de Alcântara,1260334.8,32418.709090909095,1878.3824079371998,96.1341755469008,False
Brazil.regions.SC:Tangará,1216711.8545454545,31369.363636363636,5766.204177628563,81.1052825142415,False
Brazil.regions.SC:Tijucas,1257064.3454545455,32401.61818181818,6252.926341545805,66.82151851285201,False
Brazil.regions.SC:Timbé do Sul,1257036.9636363636,32348.49090909091,6106.48817698798,33.40004806394265,False
Brazil.regions.SC:Timbó,1216660.218181818,31469.727272727272,5491.2816002198015,84.75675961904108,False
Brazil.regions.SC:Tubarão,1278247.1090909091,32411.29090909091,8322.699217316405,117.9010048483543,False
Brazil.regions.SC:Urussanga,1247919.3636363635,32158.272727272728,7736.384216977109,45.00995989234502,False
Brazil.regions.SC:Videira,1212728.0,31434.38181818182,10198.684798148444,50.18570707319862,False
Brazil.regions.SC:Águas Mornas,1223125.6909090912,31545.927272727273,410.6797121437248,138.22630357621293,False
Brazil.regions.SE:Capela,1226922.4000000001,31675.090909090908,1751.1671590151857,147.27411282737603,False
Brazil.regions.SE:Itabaiana,1210785.527272727,31303.218181818185,2931.5916418774523,13.580006573028529,False
Brazil.regions.SE:Nossa Senhora da Glória,1263134.290909091,32458.727272727272,3612.4236038328945,77.43562901108521,False
Brazil.regions.SE:Propriá,1268705.5999999999,32636.14545454545,786.9715076040757,18.442955167107304,False
Brazil.regions.SP:Adamantina,1214508.9636363639,31276.981818181815,349.5449858117015,75.79139833690907,False
Brazil.regions.SP:Agudos,1217006.3090909093,31377.781818181815,652.0410818837853,1.0527496320643153,False
Brazil.regions.SP:Araçatuba,1199142.6545454545,30803.600000000002,3272.5738878227658,143.83219848115013,False
Brazil.regions.SP:Arujá,1235655.5818181818,31712.109090909093,2305.7429928815327,74.58619482795076,False
Brazil.regions.SP:Assis,1210146.7090909092,31094.50909090909,103.51498420821818,93.08412378871998,False
Brazil.regions.SP:Atibaia,1206637.309090909,31142.781818181815,2648.7799856269253,95.57670254544566,False
Brazil.regions.SP:Brodowski,1227338.2363636363,31647.781818181815,57.65885403484618,11.140762762281925,False
Brazil.regions.SP:Cachoeira Paulista,1224301.2545454546,31591.709090909095,3180.9944116061906,148.81050343398346,False
Brazil.regions.SP:Caieiras,1237191.9454545456,31786.654545454545,2349.6961069780696,18.299434858045867,False
Brazil.regions.SP:Cajamar,1225130.509090909,31491.87272727273,4442.04172870183,18.352157889554693,False
Brazil.regions.SP:Cravinhos,1216103.6909090912,31310.12727272727,4933.948192383749,20.359148115333262,False
Brazil.regions.SP:Dracena,1215734.7272727273,31235.054545454543,1038.6457550622802,247.8567188846092,False
Brazil.regions.SP:Ferraz de Vasconcelos,1301293.1090909091,32436.363636363636,6502.047723491,53.423222218508165,False
Brazil.regions.SP:Francisco Morato,1210156.490909091,31053.018181818185,4429.042767632062,33.58922040657631,False
Brazil.regions.SP:Franco da Rocha,1214717.7090909092,31268.29090909091,2939.867818398272,40.82540696933574,False
Brazil.regions.SP:Iracemápolis,1241510.309090909,32001.49090909091,7243.212531630535,89.07166443628515,False
Brazil.regions.SP:Itanhaém,1217804.9272727272,31273.363636363636,4821.574160557848,1.3122148736404442,False
Brazil.regions.SP:Itapecerica da Serra,1219039.1636363636,31197.600000000002,6346.129272446474,29.22043745769387,False
Brazil.regions.SP:Itararé,1215285.4363636363,31248.61818181818,1063.4408341037404,182.46537748320827,False
Brazil.regions.SP:Itu,1200257.4000000001,31081.963636363635,1331.138754536814,47.567825725160816,False
Brazil.regions.SP:Itupeva,1223844.0545454547,31589.61818181818,724.9333024103887,65.79332164294657,False
Brazil.regions.SP:Jaboticabal,1211111.2363636363,31285.4,1608.2677555310186,127.22099904050161,False
Brazil.regions.SP:Jaguariúna,1260197.0363636364,32431.781818181815,1191.0085601158019,105.15964393937037,False
Brazil.regions.SP:Jandira,1222715.3454545455,31428.85454545455,4962.880269280333,45.69648718721105,False
Brazil.regions.SP:Jaú,1211785.7454545454,30966.52727272727,4439.469115866761,65.38258678429708,False
Brazil.regions.SP:Lençóis Paulista,1215129.1090909091,31458.83636363636,6322.421459102445,20.943330007143057,False
Brazil.regions.SP:Louveira,1238545.5999999999,31933.272727272728,996.1491867862878,79.58636850753679,False
Brazil.regions.SP:Mairiporã,1236895.3272727272,31816.272727272728,4434.600355456467,66.20277123998167,False
Brazil.regions.SP:Matão,1221675.3454545455,31446.03636363636,4579.668931940337,51.113894798543384,False
Brazil.regions.SP:Mogi Guaçu,1208692.5272727273,31087.672727272726,1161.3040308609766,82.15236467227179,False
Brazil.regions.SP:Nova Odessa,1220267.5090909093,31447.654545454545,130.68653594396858,32.92371333775494,False
Brazil.regions.SP:Paulínia,1215209.1818181819,31451.145454545458,2725.946446261169,33.020187526508714,False
Brazil.regions.SP:Penápolis,1223271.4363636365,31490.41818181818,164.65133703199726,83.41676566015904,False
Brazil.regions.SP:Pirajuí,1224546.7272727273,31581.890909090915,1807.3747523447482,70.57281970710962,False
Brazil.regions.SP:Porto Feliz,1221666.1090909091,31588.363636363636,4925.720182582706,30.719759868638608,False
Brazil.regions.SP:Poá,1237805.2181818183,31727.454545454544,4042.243384884669,27.831360151623937,False
Brazil.regions.SP:Promissão,1212823.8363636364,31305.58181818182,2444.1896299528157,41.61485738960896,False
Brazil.regions.SP:Ribeirão Pires,1237638.5636363635,31762.12727272727,4239.818418071881,15.18873714559593,False
Brazil.regions.SP:Salto de Pirapora,1222756.4909090912,31463.6,1804.4099965967364,98.81659743221053,False
Brazil.regions.SP:Santa Isabel,1220998.5272727273,31392.8,612.9407292275151,143.62071774974365,False
Brazil.regions.SP:Santana de Parnaíba,1338408.6545454545,32793.527272727275,1630.4974137345364,37.92747194071563,False
Brazil.regions.SP:São Caetano do Sul,1251663.6363636365,31803.763636363637,124.28680730361752,240.06852259885008,False
Brazil.regions.SP:São José do Rio Pardo,1223619.0727272728,31558.83636363636,4930.616594058902,139.83489145526485,False
Brazil.regions.SP:São Pedro,1225232.690909091,31629.072727272727,2622.220355145425,23.514078821769825,False
Brazil.regions.SP:São Sebastião,1237814.5090909093,31924.545454545456,1842.0120469873605,94.50697307573479,False
Brazil.regions.SP:Tatuí,1236001.0727272728,31596.981818181815,4851.513759311074,75.71292967406181,False
Brazil.regions.SP:Valinhos,1232687.2909090908,31726.67272727273,708.6479228192453,0.9482236053713027,False
Brazil.regions.SP:Vargem Grande Paulista,1261284.2909090908,32382.218181818178,6453.875164184653,88.94249040104745,False
Brazil.regions.SP:Vinhedo,1217307.8,31459.054545454543,1317.9888642372905,54.845141678144415,False
Brazil.regions.SP:Votorantim,1216265.2727272727,31165.163636363635,2153.599861739395,105.37113960262795,False
Brazil.regions.SP:Votuporanga,1212910.4545454546,31211.03636363636,3944.251193365733,170.13174021927355,False
Brazil.regions.SP:Águas de Lindóia,1219310.0727272728,31432.67272727273,397.43161027660386,20.956213269783667,False
Grenada,1269683.7636363634,32652.018181818177,11015.546725185568,286.1142694242883,False
Liechtenstein,1360658.5272727273,33211.27272727273,3924.7538212928002,137.72294970202617,False
Monaco,1361017.7454545456,33237.27272727273,5067.506190096704,208.33906636827098,False
Saint Kitts and Nevis,1263145.0727272725,32482.61818181818,10004.166854295776,279.8917036220416,False
Saint Lucia,1341104.0181818183,33009.7090909091,8795.937258465023,242.65768209503074,False
Saint Vincent and the Grenadines,1344399.2,33086.32727272727,9773.978154929862,280.1010677948318,False
San Marino,1358636.6181818182,33180.27272727273,3030.346413346504,27.23889076400656,False
Sao Tome and Principe,1224391.7272727273,31597.781818181822,9668.47513796952,261.1706755874027,False
Seychelles,1328515.0727272728,33005.472727272725,6642.711357435642,196.4950931686116,False
Angola,1243234.3818181818,31770.945454545457,11172.041227215579,285.03712213108594,False
Peru,741329.7090909091,162685.85454545455,5602.077594643577,301.8851318291476,False
Belgium,281770.65454545454,8114.272727272727,2650.8835922165367,75.37198206084312,False
Brazil.regions.SP:São Paulo,481506.54545454547,1302.7272727272727,4785.8427250949035,10.246382811040034,False
Burundi,1238935.490909091,32077.345454545455,10892.248334470874,281.9484939731275,False
Haiti,1265765.5272727273,32234.763636363634,11125.80991903522,283.337359487727,False
Rwanda,1277157.5636363635,32299.836363636365,11299.862202048096,284.7521416278802,False
Azerbaijan,1024587.6727272727,28272.8,8641.601515931847,243.13960282309392,False
Brazil.regions.PE,768227.2181818183,14440.58181818182,5765.232685532866,95.53219187967444,False
Czechia,307939.0909090909,2925.4727272727273,3623.497853235625,9.06995438346385,False
Hungary,554617.7818181819,3250.418181818182,3610.871645768882,18.324926728512427,False
Jordan,599915.890909091,23330.145454545454,4500.403650292116,195.00611650587692,False
Portugal,420491.5818181818,16017.836363636363,2736.050807462984,123.23219710777295,False
United Arab Emirates,753671.0727272726,31517.836363636365,5818.279128509987,274.709794859191,False
Eritrea,1265711.0363636364,32681.563636363637,10998.000445884829,286.5880399444993,False
Liberia,1325493.472727273,32845.03636363637,11591.009594317868,287.06534618803465,False
Brazil.regions.RJ:Rio de Janeiro,971807.4363636363,3250.618181818182,6153.324070815559,154.36563233964463,False
El Salvador,1212714.9636363636,30226.363636363636,10086.512287050347,248.3447599680095,False
Hong Kong,1351855.981818182,33060.27272727273,11828.078142455975,289.62722897089856,False
Lebanon,815543.7454545456,25393.454545454544,3954.945109424701,177.02457226013166,False
Palestine,1047653.6909090909,29672.909090909092,5790.588545633127,221.9113908405795,False
Singapore,1301448.8727272728,33236.29090909091,10921.87835661323,291.8475021785617,False
United States,32111326.400000002,566734.7818181819,1873.2723602705132,111.1593942784738,False
Brazil.regions.AC,1234425.4000000001,31141.054545454543,1739.1144337547282,85.54642502059001,False
Brazil.regions.AP,1164678.2545454546,30872.690909090914,3020.815317169693,62.822029465909985,False
Brazil.regions.PA:Altamira,1219465.4363636365,31507.781818181822,1282.8109581474876,21.235436229776816,False
Suriname,1321431.5090909093,32453.090909090908,7531.409135349964,180.92744749515694,False
Albania,1230728.2181818185,30813.545454545456,7364.749133373946,207.06011174799494,False
Armenia,1135745.9636363636,28696.6,4292.642584237557,138.08101827974275,False
Brazil.regions.AL,1134665.4363636363,27498.363636363636,5122.759716852886,119.47984731769719,False
Kuwait,981974.6727272727,31093.218181818185,3047.2042403201963,241.45019141087457,False
Moldova,1104678.9454545453,27020.454545454544,5564.676340623438,137.49837110862518,False
Iceland,1356931.7090909092,33240.27272727273,9993.439555884926,283.63714511146236,False
Sweden.regions.Norrbotten,1336947.2909090908,32997.27272727273,1293.4620754796072,183.44501278481349,False
United Kingdom,3296819.527272727,94989.87272727274,5121.239715606654,103.49376076540912,False
Brazil.regions.PA:Marabá,1247225.9636363636,32088.81818181818,4438.668265513673,125.9897336956037,False
Brazil.regions.PA:Santarém,1221082.490909091,31025.963636363635,4568.06920750023,27.381196107094432,False
Sweden.regions.Gävleborg,1327720.9454545453,32710.272727272728,581.1010447234133,96.99793585606798,False
Sweden.regions.Värmland,1343310.9636363636,33056.27272727273,4731.305809936966,216.402178161416,False
Barbados,1317144.8,32892.01818181818,10089.871838328458,272.822441802359,False
Brazil.regions.BA:Camaçari,1241570.2545454544,31924.436363636363,2990.2709221005366,81.61717904947642,False
Brazil.regions.BA:Feira de Santana,1311881.9090909092,32250.67272727273,3553.669761464356,126.60522323482486,False
Brazil.regions.BA:Itabuna,1234253.690909091,31934.563636363633,4584.062059203065,22.48525342327433,False
Brazil.regions.CE:Caucaia,1226514.4181818182,31222.47272727273,4836.911173490494,23.663405714476095,False
Brazil.regions.CE:Juazeiro do Norte,1240700.4,32034.38181818182,531.6063938690284,61.393755483971674,False
Brazil.regions.CE:Maracanaú,1224653.0363636361,31360.890909090907,1618.8462827989993,38.50796374780327,False
Brazil.regions.ES:Cariacica,1228245.5272727273,31301.0,250.23956096632827,67.59215860717075,False
Brazil.regions.ES:Serra,1195274.6181818182,31062.0,2120.6750944401037,10.441664392634179,False
Brazil.regions.ES:Vila Velha,1205099.8727272728,31086.272727272728,2415.508508610164,42.43128988634789,False
Brazil.regions.ES:Vitória,1215002.0363636361,31499.345454545455,4628.146282267559,48.411766385985736,False
Brazil.regions.GO:Anápolis,1243397.3272727272,31226.25454545455,340.78435527225724,112.93246165813008,False
Brazil.regions.GO:Aparecida de Goiânia,1197524.0909090908,31117.81818181818,1347.5724047993042,21.47970141907804,False
Brazil.regions.GO:Águas Lindas de Goiás,1234885.3818181818,31730.14545454545,6920.272695365952,139.45526492818578,False
Brazil.regions.MA:Imperatriz,1222874.7272727273,31164.4,4136.806579856402,28.58435784975969,False
Brazil.regions.MT:Cuiabá,1173039.490909091,29537.272727272728,5014.232586458443,231.35981633106832,False
Brazil.regions.MT:Várzea Grande,1233274.8545454545,31232.61818181818,325.01264636607107,171.30570772241734,False
Brazil.regions.PA:Ananindeua,1236055.8363636364,31616.218181818178,6366.288657868409,131.7243735211431,False
Brazil.regions.PB:Campina Grande,1214312.290909091,31240.327272727274,1090.3151689785325,26.137809381419665,False
Brazil.regions.PB:João Pessoa,1196603.8727272728,29986.036363636365,1252.0775406193463,64.23433714062561,False
Brazil.regions.PE:Cabo de Santo Agostinho,1224169.4545454546,31304.47272727273,6402.640382735482,38.382462341178986,False
Brazil.regions.PE:Caruaru,1232482.7818181817,31840.18181818182,1870.4046014103637,93.3631692392508,False
Brazil.regions.PE:Jaboatão dos Guararapes,1276610.6181818182,31247.47272727272,6619.83936915565,54.63615553575282,False
Brazil.regions.PE:Olinda,1245104.690909091,31645.309090909093,5363.7882909129685,44.92951160129171,False
Brazil.regions.PE:Paulista,1222643.9272727275,31038.545454545456,7611.213346467388,48.88877400189497,False
Brazil.regions.PI:Teresina,1182709.709090909,30270.38181818182,619.3403544264327,1.8426512796774432,False
Brazil.regions.PR:Cascavel,1216963.4181818182,31480.963636363635,1423.3474143850542,15.175595253871643,False
Brazil.regions.PR:Colombo,1236990.7272727273,31694.036363636365,1196.622320353509,16.803934541859668,False
Brazil.regions.PR:Foz do Iguaçu,1227121.0363636364,31570.581818181814,5365.368870853379,131.6826336537752,False
Brazil.regions.PR:Londrina,1198784.9999999998,30948.74545454545,1712.4981828006953,22.612150686227782,False
Brazil.regions.PR:Maringá,1210511.8727272728,31208.981818181815,2844.0465202230266,53.84010018550084,False
Brazil.regions.PR:Ponta Grossa,1219406.8363636362,31370.872727272726,1494.276881673147,31.395095166699434,False
Brazil.regions.PR:São José dos Pinhais,1209892.5272727273,31018.0,1474.6566196956278,11.96311533835594,False
Brazil.regions.RJ:Belford Roxo,1227613.9090909092,31397.32727272727,6848.420020371104,133.6766624832765,False
Brazil.regions.RJ:Campos dos Goytacazes,1226191.3454545455,30679.981818181815,5346.642608229553,34.59371361326818,False
Brazil.regions.RJ:Duque de Caxias,1232001.0,30761.054545454543,8525.500931283224,116.91709753670763,False
Brazil.regions.RJ:Itaboraí,1233432.0909090908,31323.61818181818,5760.628228940189,37.07004095246021,False
Brazil.regions.RJ:Macaé,1205999.5818181818,31090.781818181815,181.62985968950645,1.7567485924674378,False
Brazil.regions.RJ:Magé,1214319.5454545454,31059.0,5676.429345733114,43.10834043272007,False
Brazil.regions.RJ:Niterói,1289049.0181818183,30989.745454545457,3548.935312668289,100.06941366320503,False
Brazil.regions.RJ:Nova Iguaçu,1223303.6181818182,30233.218181818178,8481.29065108289,62.482289988389745,False
Brazil.regions.RJ:Petrópolis,1248995.1272727272,31154.854545454542,6294.583983738702,149.08714609793708,False
Brazil.regions.RJ:São João de Meriti,1226074.2545454546,30770.345454545455,8601.774662491067,43.81661013357393,False
Brazil.regions.RJ:Volta Redonda,1221000.309090909,31194.49090909091,1438.1543162369007,119.71744252624404,False
Brazil.regions.RN:Mossoró,1231897.3636363635,31860.47272727273,1267.772207891112,93.62178589985693,False
Brazil.regions.RN:Natal,1224427.8545454545,30331.47272727273,632.7571940201605,5.518020143563084,False
Brazil.regions.RN:Parnamirim,1233580.8727272728,31979.94545454545,423.88249944412115,92.13483101337914,False
Brazil.regions.RS:Canoas,1227230.6545454545,31067.70909090909,1133.893956142401,170.36453711148442,False
Brazil.regions.RS:Caxias do Sul,1285823.6727272728,31933.309090909086,1202.9804674391394,53.80524823139167,False
Brazil.regions.RS:Gravataí,1238177.9636363636,31566.672727272726,2945.7383947325866,21.523924433453335,False
Brazil.regions.RS:Novo Hamburgo,1220615.1090909091,31267.454545454544,406.1806280946196,78.44830885782359,False
Brazil.regions.RS:Pelotas,1220992.2,31377.70909090909,626.2032021315333,22.198266396460703,False
Brazil.regions.RS:Santa Maria,1230174.6181818182,31787.94545454545,2189.0050361376907,1.061203696773313,False
Brazil.regions.RS:São Leopoldo,1244419.0,31945.2,424.3886886287774,11.862523407444057,False
Brazil.regions.RS:Viamão,1253348.0909090908,31813.52727272727,6205.212438513296,3.0049631867100883,False
Brazil.regions.SC:Blumenau,1212873.6363636365,31991.399999999998,4230.360146221082,117.96027984298117,False
Brazil.regions.SC:Chapecó,1235111.4,32039.545454545456,5671.389815610927,19.3540398399872,False
Brazil.regions.SC:Criciúma,1234544.7636363637,32090.963636363635,6340.500588577843,2.8486908517824694,False
Brazil.regions.SC:Florianópolis,1274059.3636363635,32130.854545454542,3810.865686043157,88.52782313708981,False
Brazil.regions.SC:Itajaí,1233544.6363636365,31940.345454545455,5374.998156603004,37.6238080122124,False
Brazil.regions.SC:Joinville,1244978.1818181819,31440.490909090906,5388.614910079151,10.149587516660292,False
Brazil.regions.SC:São José,1251423.0909090908,32203.690909090914,2642.4671173345723,55.21899828717908,False
Brazil.regions.SE:Aracaju,1196455.8545454545,30554.72727272728,7421.104218537069,73.52520477151371,False
Brazil.regions.SP:Americana,1202374.509090909,30873.909090909092,574.2856981725689,39.510303777493625,False
Brazil.regions.SP:Araraquara,1198001.1454545455,31008.87272727273,888.6232725235509,76.91229907037913,False
Brazil.regions.SP:Barueri,1234826.6545454545,31460.50909090909,209.65970711227362,106.18283009769601,False
Brazil.regions.SP:Bauru,1177377.2181818185,30486.218181818178,2341.833839913065,26.752695807813264,False
Brazil.regions.SP:Carapicuíba,1255175.8,31724.67272727273,3661.444172109324,25.391700926491897,False
Brazil.regions.SP:Cotia,1251478.4000000001,31948.036363636365,5336.199195126235,50.15052250119873,False
Brazil.regions.SP:Diadema,1215456.509090909,30731.52727272727,5023.473605008991,10.066210017774951,False
Brazil.regions.SP:Embu das Artes,1236077.8909090909,31533.87272727273,7355.497780012301,78.372924471501,False
Brazil.regions.SP:Franca,1187348.9636363636,30704.58181818182,1137.3134550826928,57.00422011942146,False
Brazil.regions.SP:Guarujá,1205563.1272727272,30415.0,4145.345293872368,102.58260227121833,False
Brazil.regions.SP:Hortolândia,1239725.1818181819,31749.872727272726,1829.6771581681123,9.451171738839532,False
Brazil.regions.SP:Indaiatuba,1199053.8181818181,30907.745454545457,903.3906314708437,20.152484563654323,False
Brazil.regions.SP:Itapevi,1218152.8727272728,31061.963636363635,5817.877390728537,1.9304383125267834,False
Brazil.regions.SP:Itaquaquecetuba,1208563.2727272727,30723.4,5855.906831989893,32.27918375918061,False
Brazil.regions.SP:Jundiaí,1197709.309090909,30615.018181818185,556.1125357085302,70.33207087376768,False
Brazil.regions.SP:Limeira,1207219.5090909093,30729.61818181818,5324.82186177608,7.742950655876888,False
Brazil.regions.SP:Marília,1189796.4181818182,30539.927272727273,1158.7139183470292,84.19277165232711,False
Brazil.regions.SP:Mauá,1240124.2909090908,31206.436363636363,4876.09825797188,18.885152411392596,False
Brazil.regions.SP:Mogi das Cruzes,1230914.8363636364,30868.163636363635,4316.276558461857,65.20613982438874,False
Brazil.regions.SP:Osasco,1224223.0727272725,30130.545454545456,5158.0782033156,58.403609394134996,False
Brazil.regions.SP:Piracicaba,1170253.4545454546,30470.563636363637,3977.7744951247482,30.37719281355147,False
Brazil.regions.SP:Praia Grande,1202883.8545454545,30847.41818181818,4307.890174095388,59.70514333889464,False
Brazil.regions.SP:Ribeirão Preto,1171311.690909091,29358.309090909093,678.5673307676878,98.62284582970761,False
Brazil.regions.SP:Rio Claro,1233722.1818181819,31553.636363636364,5042.034460041503,21.535275661012506,False
Brazil.regions.SP:Santo André,1209154.9818181817,29780.090909090908,2717.356970517494,112.69582197572328,False
Brazil.regions.SP:Santos,1173436.1636363638,29696.090909090908,2247.7190362077763,188.29793293275804,False
Brazil.regions.SP:Sorocaba,1169962.7272727273,29349.963636363635,537.9227928611732,103.9781842872676,False
Brazil.regions.SP:Suzano,1241890.9454545453,31614.018181818185,3769.3997715309238,7.308286416505425,False
Brazil.regions.SP:São Bernardo do Campo,1199460.4363636363,29590.436363636367,2771.2287404779913,78.05246898245349,False
Brazil.regions.SP:São José do Rio Preto,1176818.3454545455,29902.49090909091,8212.61290610027,285.63680208626585,False
Brazil.regions.SP:São José dos Campos,1179566.2181818183,30703.65454545454,833.0625968942494,32.20271410590838,False
Brazil.regions.SP:São Vicente,1208970.981818182,30486.199999999997,5899.7040108276215,35.94022446992689,False
Brazil.regions.SP:Taboão da Serra,1228181.9454545456,31219.636363636364,4827.431886257268,18.902402249127178,False
Brazil.regions.SP:Taubaté,1236938.9454545456,31739.781818181815,2599.7668526771754,48.701060626532424,False
Brazil.regions.TO:Palmas,1220137.6181818182,31992.254545454543,4786.561548611571,85.53011985240849,False
Cape Verde,1252060.2727272727,32479.963636363635,5231.862106876753,234.50604490155885,False
Luxembourg,1290643.4000000001,32449.6,310.39408565487224,161.32544783714675,False
Maldives,1286646.490909091,33050.25454545455,2274.469911517555,251.7251001650926,False
Malta,1329865.3636363635,32848.399999999994,4316.133006385468,196.8823823638655,False
Israel,516683.3454545455,26831.963636363635,2200.289350302117,218.04468347803694,False
Switzerland,656140.6,22372.909090909092,3810.60800097102,166.51449339070362,False
Togo,1348510.6181818182,33123.490909090906,11802.628815334743,290.6553561835527,False
Belarus,928794.4363636364,29935.072727272727,7383.646901524945,257.13269615117775,False
Brazil.regions.PR,18365.090909090908,1860.9272727272728,101.41467897131396,14.828177604483011,False
Brazil.regions.AC:Acrelândia,1246959.5636363635,32121.47272727273,426.00287691794404,40.128681317800485,False
Brazil.regions.AC:Bujari,1217002.0545454547,31383.345454545455,388.0514226536336,110.39749942726861,False
Brazil.regions.AC:Plácido de Castro,1222066.8727272728,31535.927272727273,1742.9971556056023,181.2023812302257,False
Brazil.regions.AC:Porto Acre,1247151.7818181817,32120.47272727273,2614.075853001002,77.29520844349912,False
Brazil.regions.AM:Careiro da Várzea,1232343.218181818,31778.781818181815,7482.788545290342,196.82567733603045,False
Brazil.regions.AM:Iranduba,1209254.5454545454,31234.345454545455,7693.268495636832,67.72109717041859,False
Brazil.regions.BA:Belmonte,1225657.6727272728,31610.781818181815,5737.0204816436735,175.17258293615959,False
Brazil.regions.BA:Brumado,1248557.8727272728,32174.32727272727,2927.877004655322,0.9777138217697299,False
Brazil.regions.BA:Itamaraju,1232757.218181818,31817.945454545457,911.9502746277926,52.71840019574911,False
Brazil.regions.BA:Itarantim,1217432.3272727274,31380.345454545455,7117.787177594411,174.71146067271414,False
Brazil.regions.BA:Jequié,1240294.3636363635,31997.745454545457,266.5279879566778,48.69013845664294,False
Brazil.regions.BA:Porto Seguro,1275127.218181818,32561.909090909092,4118.701046736126,142.80400928498105,False
Brazil.regions.BA:Prado,1270174.0363636364,32666.836363636365,3808.189529749422,113.50718254158187,False
Brazil.regions.BA:Santa Cruz Cabrália,1224340.4363636365,31604.6,1803.4052221706866,169.3995651472379,False
Brazil.regions.BA:Santa Maria da Vitória,1215645.6363636365,31346.163636363635,4444.011009768432,140.0111942797075,False
Brazil.regions.CE:Canindé,1224536.1272727272,31514.727272727272,3686.3003835915583,12.086651010893862,False
Brazil.regions.CE:Crateús,1208667.3636363635,31250.50909090909,6017.619920547168,29.66712261796682,False
Brazil.regions.CE:Icó,1226193.018181818,31683.236363636363,306.46489016060167,102.31284871771362,False
Brazil.regions.CE:Ipueiras,1221039.218181818,31495.927272727273,3397.2713705239275,122.76350848205152,False
Brazil.regions.CE:Jaguaribe,1228934.6545454545,31726.781818181815,1913.7488544704465,57.52147856805852,False
Brazil.regions.CE:Quixadá,1239071.690909091,31966.109090909093,49.87202509179267,63.38341787645081,False
Brazil.regions.CE:Quixeramobim,1214092.1272727272,31331.38181818182,1275.276572082592,1.9691457668183086,False
Brazil.regions.CE:Sobral,1258713.7818181817,32049.49090909091,1665.7902622910615,60.55022311106231,False
Brazil.regions.ES:Linhares,1245324.9454545456,32316.854545454542,4332.3699844950825,57.64668765961594,False
Brazil.regions.ES:São Mateus,1232859.5090909093,31821.054545454543,951.7013514345327,75.05394414009947,False
Brazil.regions.GO:Bom Jesus de Goiás,1220930.5090909093,31442.03636363636,813.5165141099804,170.34418529396078,False
Brazil.regions.GO:Catalão,1250287.2727272727,32056.490909090906,1157.7924557417964,57.91867889186312,False
Brazil.regions.GO:Itumbiara,1225207.1272727272,31492.345454545455,190.68125171308463,96.878360440636,False
Brazil.regions.GO:Luziânia,1225166.6181818182,31803.927272727273,1832.9378175634977,79.63601497169198,False
Brazil.regions.GO:Silvânia,1250070.0181818183,32202.090909090908,2136.891843200811,157.63390783486435,False
Brazil.regions.MA:Colinas,1214923.218181818,31351.345454545455,2892.369664662404,156.99708778053946,False
Brazil.regions.MA:Urbano Santos,1216310.3454545455,31364.345454545455,5179.6553404827655,167.30357912156614,False
Brazil.regions.MS:Batayporã,1244843.7818181817,32066.52727272727,1454.1982368415295,62.196832518045454,False
Brazil.regions.MS:Chapadão do Sul,1213360.4363636365,31331.41818181818,8250.341369665566,2.733808695068564,False
Brazil.regions.MS:Dourados,1205857.9636363639,31387.52727272727,5910.5347822408185,7.522750435815766,False
Brazil.regions.MT:Lambari D'Oeste,1217442.1090909091,31386.163636363635,711.9866749596712,44.3014707249992,False
Brazil.regions.MT:Lucas do Rio Verde,1222244.5818181818,31698.763636363637,11329.201667336234,7.54382476297113,False
Brazil.regions.MT:Sinop,1213328.7636363637,31462.272727272728,5538.3254761919825,17.01393658808226,False
Brazil.regions.PA:Cametá,1214527.4545454546,31303.236363636363,3997.488384133414,94.82114971605891,False
Brazil.regions.PA:Oeiras do Pará,1231827.2181818183,31758.781818181815,6131.87987364491,141.1282302039567,False
Brazil.regions.PA:São Geraldo do Araguaia,1231831.8181818181,31767.545454545456,4697.817533904511,133.7006802733996,False
Brazil.regions.PA:Tucuruí,1235944.1272727272,31782.0,4367.931313446879,61.58839739776667,False
Brazil.regions.PI:Campo Maior,1227822.1636363636,31663.727272727272,980.0333896631128,19.512316706270532,False
Brazil.regions.PI:Piracuruca,1220895.2727272727,31454.927272727273,500.8148367252326,69.97940154069941,False
Brazil.regions.PR:Castro,1228864.4181818182,31732.81818181818,5201.080487483951,44.02373665890289,False
Brazil.regions.PR:Guarapuava,1224422.7090909092,31535.836363636365,892.8116384332023,24.041959497733718,False
Brazil.regions.PR:Lapa,1229434.7818181817,31727.836363636365,2694.638601988907,121.85443566139644,False
Brazil.regions.PR:Palmeira,1222763.9272727275,31551.254545454543,1233.5491677598893,31.492823604351823,False
Brazil.regions.PR:Pinhão,1218996.2909090908,31408.72727272728,3796.1961326197375,55.08688453235001,False
Brazil.regions.RN:Apodi,1226794.1818181819,31707.781818181822,7471.399691819434,11.718883668183118,False
Brazil.regions.RO:Jaru,1213562.0363636364,31306.50909090909,4102.23437356374,59.372267107176135,False
Brazil.regions.RS:Bagé,1274657.290909091,32490.399999999998,2097.696021911548,50.74069907705273,False
Brazil.regions.RS:Cachoeira do Sul,1244307.8545454545,32102.054545454543,2028.5428849798789,47.52923886514418,False
Brazil.regions.RS:Canguçu,1247311.8545454547,32132.29090909091,2808.164812307052,112.3340481610454,False
Brazil.regions.RS:Piratini,1256890.2363636363,32333.49090909091,5904.47500007045,129.60960743589374,False
Brazil.regions.RS:Rio Grande,1244459.8,31999.436363636363,961.4911159675233,31.811797395962845,False
Brazil.regions.RS:Santiago,1259168.763636364,32386.254545454543,2510.328474052058,16.451240490741462,False
Brazil.regions.RS:São Lourenço do Sul,1220465.9454545456,31482.218181818178,2996.485437321812,110.51851562444443,False
Brazil.regions.RS:Vacaria,1208569.3818181818,31186.545454545456,3747.9649584264484,46.880266906846124,False
Brazil.regions.SC:Lages,1240387.3818181818,32076.52727272727,6249.049627418196,41.56836724596412,False
Brazil.regions.TO:Araguaína,1207988.5636363635,31538.054545454543,8693.602091469338,7.845100469286016,False
Brazil.regions.TO:Dianópolis,1216516.2363636363,31367.345454545455,3367.657869423048,126.93444489940016,False
Sweden.regions.Blekinge,1350824.2181818183,33140.27272727273,3902.525274304677,211.01756759972284,False
Sweden.regions.Gotland,1357456.4363636365,33182.527272727275,5040.5851774114935,204.34897564159576,False
Brazil.regions.AM:Manaus,1125892.3818181818,23657.072727272727,2652.747886510978,135.75857896298223,False
Brazil.regions.BA:Salvador,1089883.6,25276.872727272726,3550.8735104978787,22.735209360165058,False
Brazil.regions.CE:Fortaleza,1057951.7272727273,23464.545454545456,2041.8176399321283,64.13685436013269,False
Brazil.regions.DF,916363.781818182,23691.454545454544,2850.2965758398727,25.248820458552494,False
Brazil.regions.DF:Brasília,970169.8363636363,24515.909090909092,1065.8431028665068,2.0938418008070645,False
Gambia,1313888.5272727273,32728.745454545457,11299.387839823077,280.78325920969564,False
Jamaica,1308822.8727272728,32046.800000000003,10186.428759211993,252.0039810235242,False
Qatar,1139190.5636363635,32670.781818181815,4192.75738776877,271.6203558363029,False
Sweden.regions.Stockholm,1107133.4,28902.636363636364,1039.9981116251863,106.10560119691145,False
Brazil.regions.CE,412791.69090909086,9507.272727272728,1644.252630290758,32.81284530928951,False
Brazil.regions.RO,1028222.109090909,26415.07272727273,3192.0903857575613,69.92185983946216,False
Brazil.regions.RR,1150145.7272727273,30803.745454545457,8599.30476803734,18.27790740556677,False
Vietnam,1353021.9090909092,33211.63636363636,11975.498503632825,292.36811431233696,False
Congo,1326129.018181818,32869.509090909094,11532.997283118839,287.24869745612347,False
Norway,1229509.0727272728,32474.272727272728,9510.612952573836,277.7453716635459,False
Austria,710682.0363636364,22543.054545454546,4735.536513200127,173.32173880875817,False
Sierra Leone,1239649.7090909092,31971.81818181818,10872.38377143604,280.5674555132065,False
Philippines,7528.272727272727,9664.981818181817,10747.995417653716,270.8869620565411,False
Guatemala,982392.9454545454,22791.545454545456,9803.285049024269,233.38728789965418,False
Malawi,1188828.2,30353.727272727272,10632.79630923629,272.5333671842071,False
Uganda,1178599.018181818,30060.14545454545,10977.683340949508,281.7494563826483,False
Belize,1253675.0363636364,32257.12727272727,7593.8890944416635,201.9210651552409,False
Brazil.regions.AM:Boca do Acre,1246031.4181818182,32131.47272727273,3200.1259869155488,203.95736571960944,False
Brazil.regions.AP:Oiapoque,1215955.6363636365,31432.52727272727,8656.844948092947,100.7463360938811,False
Brazil.regions.MT:Aripuanã,1220830.2727272727,31510.309090909093,2743.3016800407095,77.75316069421402,False
Brazil.regions.MT:Cáceres,1213215.0727272728,31156.872727272726,509.7063189511368,144.42382012677842,False
Sweden.regions.Dalarna,1334413.0363636364,32890.527272727275,2514.648240407243,172.33325763637168,False
Sweden.regions.Västernorrland,1336764.2727272727,32789.27272727273,999.1592393051542,96.46415709106164,False
Tanzania,1330022.4727272727,32972.03636363637,11696.454763627436,289.9564350538212,False
Turkey,3520410.4545454546,18040.436363636367,6178.902284567813,231.31795127485577,False
Poland,1518300.2,41966.92727272728,4371.464799702626,93.63324401104418,False
Thailand,1164692.236363636,31798.272727272728,11701.343663814707,290.31947071649023,False
Niger,1280187.9272727272,32582.94545454545,11278.360989289817,287.29548959307203,False
Brazil.regions.RJ,348985.83636363636,25123.109090909093,6109.001478319548,45.79101825617013,False
Netherlands,460251.34545454546,15206.872727272728,1341.6358410725795,187.00942258056565,False
Brazil.regions.PA:Itaituba,1246938.9636363636,32055.981818181823,176.5527829648748,21.221255339548332,False
Nepal,751543.2000000001,24767.127272727274,9885.41497380837,263.24483642695645,False
Bhutan,1361243.2363636366,33268.27272727273,11663.827366070624,292.16915627484786,False
Brazil.regions.AM:Novo Airão,1234407.8181818181,31854.38181818182,1390.4181886440736,110.64253946368552,False
Brazil.regions.PA:Novo Progresso,1230719.9090909092,31737.47272727273,599.9103003339172,22.147579860915098,False
Brazil.regions.RO:Porto Velho,1164189.8181818181,29674.12727272727,4983.439459691148,186.49185829306663,False
Estonia,1231878.2,31999.38181818182,2046.739216961527,196.62333730753835,False
Uzbekistan,1210859.5818181818,32180.890909090907,11388.031746401732,287.87854539699634,False
Venezuela,1041927.5272727273,29523.909090909092,10764.940116201911,278.34697214071383,False
Finland,1269486.1454545455,32303.6,10285.51552863943,274.98164884977496,False
Oman,1075813.1636363638,29791.763636363634,6348.335565235712,224.3107393443763,False
Bahrain,1096126.5454545454,31891.50909090909,3740.4112637769595,211.40006222582463,False
Brazil.regions.AL:Maceió,1138728.7272727273,29150.67272727273,2636.0539924604163,48.046110227947565,False
Brazil.regions.GO:Goiânia,1158516.981818182,27245.29090909091,364.1019509880144,89.11903319413646,False
Brazil.regions.MA:São Luís,1227441.9090909092,30208.636363636364,7115.780670925405,60.01460383378471,False
Brazil.regions.PA:Belém,1194122.8363636362,27818.690909090907,4385.291830277306,47.79050555507313,False
Brazil.regions.PE:Recife,1207758.1272727272,28124.8,3081.5976670213927,13.816469364005844,False
Brazil.regions.PR:Curitiba,1146218.9272727275,26514.85454545455,2144.27980913616,45.12635770515391,False
Brazil.regions.RJ:São Gonçalo,1204431.2909090908,29572.18181818182,6122.987966621412,26.98974328457532,False
Brazil.regions.RS:Porto Alegre,1194940.290909091,27883.981818181823,952.9597359869567,66.12159817447414,False
Brazil.regions.SP:Campinas,1164938.490909091,28506.8,2740.944539711524,48.63614104954732,False
Brazil.regions.SP:Guarulhos,1207917.018181818,27970.654545454552,6802.157106665069,48.697763012880756,False
Mauritius,1307093.1090909091,32875.09090909091,11212.420681307332,287.61522905164145,False
Trinidad and Tobago,1308192.3454545455,32029.61818181818,9086.014055944122,214.55291553892266,False
Sweden,276630.8181818182,18670.29090909091,1222.3361900188559,147.86362973763926,False
Sri Lanka,1130795.8545454545,30854.727272727272,10898.684521279936,281.1477428111953,False
Madagascar,1243161.1272727272,31835.67272727273,11147.567856660015,284.69824395065484,False
Costa Rica,962873.709090909,28301.81818181818,4117.433852695066,194.89511170482194,False
Denmark,1056687.2909090908,30727.836363636365,6685.484116096335,248.53423686919766,False
Slovakia,971349.7636363637,20735.96363636364,4799.525748730836,62.84724226388655,False
Chile,228954.8,846.1090909090909,3654.8932478112533,113.96000895947759,False
Zambia,1116136.1272727272,29525.52727272727,10463.201881098816,270.799132636936,False
Uruguay,971422.8545454546,27189.309090909093,913.2079311608759,119.83949780454226,False
Iraq,101909.74545454545,15559.581818181818,8342.664659638029,248.3965568036918,False
Georgia,977828.4363636364,27732.236363636366,2312.707786022245,153.60174530223716,False
Ireland,1076923.4727272727,28248.345454545455,6178.049417195772,190.72453153481166,False
Panama,929309.9636363636,26459.436363636367,1918.219036519318,134.57893155513446,False
Paraguay,912718.8,18452.63636363636,5663.16089657692,84.68108380866016,False
Tunisia,798529.1454545456,14855.709090909093,7204.184535729082,136.6185660208424,False
Brazil.regions.AM:Itacoatiara,1230655.9454545456,31650.12727272727,1310.713160889281,29.887209799652737,False
Brazil.regions.AM:Santo Antônio do Içá,1246841.2,32114.47272727273,2375.4516764281125,78.9713674739455,False
Brazil.regions.BA:Barra,1231175.3818181818,31746.781818181815,6766.650337327491,173.1517134073399,False
Brazil.regions.MS:Três Lagoas,1211015.8545454545,31232.745454545457,4846.202727463382,122.6743924001175,False
Brazil.regions.MT:Alta Floresta,1220591.4,31588.236363636363,7401.112523531975,24.16912643008246,False
Brazil.regions.MT:Campo Novo do Parecis,1222585.2545454544,31636.090909090908,10220.626580985858,41.24650272494748,False
Brazil.regions.MT:Canarana,1220372.5818181818,31492.927272727273,5349.159907223442,9.96501085410458,False
Brazil.regions.MT:Nova Mutum,1221553.7636363637,31595.6,7850.573212017492,4.461071896536515,False
Brazil.regions.MT:Tangará da Serra,1223653.6363636365,31634.236363636363,5215.421934030741,37.974191001185424,False
Brazil.regions.GO,618228.0363636363,12441.109090909093,1396.1740749970215,3.9371981200230577,False
Brazil.regions.MA,949584.2727272727,23160.49090909091,6549.429355618715,152.1687780873944,False
South Korea,1214977.9090909092,31280.218181818185,11696.357188169497,288.5467735282491,False
Sweden.regions.Jämtland Härjedalen,1351131.2363636363,33149.27272727273,2313.6440342435317,199.55147333773414,False
Sweden.regions.Västerbotten,1340149.2363636366,33089.27272727273,3256.7409495318843,225.42953100906234,False
India,28560869.872727275,354527.72727272724,9818.05989708677,264.3271388474741,False
Afghanistan,1227219.3454545455,27371.272727272728,11635.823046040297,277.27486970975366,False
Colombia,3372623.9454545453,85890.67272727271,2678.1523966400705,58.24165675212159,False
Laos,1259917.8727272728,32529.41818181818,11044.334956955972,285.88536599471433,False
Indonesia,1674213.8727272728,45860.89090909091,10875.831722363515,263.4980687057069,False
Japan,583946.1090909091,19062.909090909092,11369.955398252401,281.19514587247505,False
Zimbabwe,1179092.8545454545,29316.38181818182,10583.584793731081,264.8111349738598,False
Australia,1333435.6545454545,32360.272727272728,11867.688676451298,288.8597097980183,False
Cambodia,1322890.1636363636,32884.65454545455,11742.211903967998,290.1218831167707,False
Senegal,1308773.2181818183,32015.800000000003,11658.265226178242,284.93624943691714,False
Syria,1243892.8545454545,30739.909090909092,11012.991688553551,276.0713666720751,False
Central African Republic,1332156.7636363637,32949.07272727272,11623.766412530515,288.4374576030656,False
Italy,2889713.8363636364,94023.59999999999,4951.573160795891,81.89242249273643,False
Bolivia,889218.6181818183,15444.945454545457,7920.9690276161455,139.71514983781367,False
Morocco,794956.8363636363,23747.454545454544,10445.544483047279,266.62864049325003,False
Mozambique,1150193.9090909092,31243.236363636363,10778.474133383408,282.49249086606585,False
Cameroon,1281728.763636364,31936.600000000002,11677.587052383287,287.4043218076047,False
Argentina,3459808.4181818184,69987.52727272727,1313.9534746060497,63.96054816055506,False
Guinea,1327151.2000000002,32928.98181818182,11695.00315105034,289.6846387325875,False
Brazil.regions.MG,586274.9272727272,16828.236363636363,2774.7909519516684,55.766236113756875,False
Russia,3908913.472727273,94473.70909090909,8373.478873241516,204.89318104618357,False
Bangladesh,153509.03636363635,13268.363636363636,11251.650022221198,280.283121024539,False
Spain,2405726.4363636365,47448.67272727274,3924.3124219827737,119.78517116231828,False
Ghana,1243534.7454545454,32272.92727272727,11504.712603777927,288.26071286120373,False
Mali,1249158.5272727273,31953.52727272727,11035.580639883632,282.904148265076,False
Canada,49388.98181818182,7295.6,8242.355018329974,223.6069753914411,False
Kenya,1150857.4545454544,29223.236363636363,11514.257774386946,284.0470872444879,False
Germany,2363709.0909090913,56961.94545454546,7537.628514439537,184.73204265614513,False
Brazil.regions.AM,936583.1818181818,19627.50909090909,1849.319071130432,34.849303019659395,False
Mongolia,1200700.2545454546,32461.70909090909,7013.401200623022,267.76418010840155,False
Brazil.regions.MT,797048.0727272728,20018.654545454545,2725.2253469592547,78.07531033777194,False
Mexico,1307907.4545454546,203414.14545454548,9914.383168148297,108.8563656571257,False
Malaysia,695665.0909090909,29212.018181818185,9922.398226938376,279.8897183090629,False
Ukraine,959738.6545454547,22037.127272727274,6673.737836909283,165.964493341314,False
China,1272785.8181818181,28651.272727272728,11980.183746615403,292.1074393118447,False
South Africa,1007381.4545454547,36344.30909090909,7988.581630239395,175.05165612333764,False
Botswana,1141946.9818181817,30603.109090909093,6435.914450222955,216.5162598890017,False
Myanmar,964477.8363636363,23407.38181818182,10517.38471146975,268.0116452246091,False
Algeria,1212583.1272727272,29360.363636363636,11641.813065398992,283.51201161428116,False
Chad,1294138.5818181818,32666.963636363635,11388.23604835231,287.59564545625113,False
Brazil.regions.BA,177304.25454545452,7716.327272727273,4009.472461891841,120.61476220061535,False
Saudi Arabia,849229.0363636364,25141.85454545455,10508.631620401586,269.0801341205419,False
Brazil.regions.MS,984095.3272727273,24126.32727272727,1010.2472001256709,30.54066881311799,False
Kazakhstan,720549.2,24079.709090909095,8522.903398498758,243.0544342904539,False
Ethiopia,1072761.9272727272,28763.981818181815,11646.143112767977,287.5316034538351,False
Nigeria,1194034.6,31142.61818181818,11904.18039323218,291.39621127717226,False
Libya,1017834.5818181817,29037.32727272727,7516.3760452918705,235.05876719167534,False
Burkina Faso,1350160.6545454545,33101.27272727273,11921.573050693964,291.61986826706897,False
Somalia,1315516.2181818183,32184.018181818185,11601.124909061975,284.90125520450084,False
Brazil.regions.SP,2553870.727272727,100823.85454545455,3454.9587241813,0.8912682579633383,False
Brazil,17961552.854545455,507626.45454545453,2894.792094510929,37.95985974500851,False
France,4788449.636363637,77363.05454545455,2880.825183319619,128.68299206519995,False
Namibia,1228275.8363636364,30110.67272727273,7176.478807744189,173.33525179935924,False
Iran,1995777.4727272727,52446.65454545454,7986.749669528368,190.37583138601758,False
Papua New Guinea,1268107.690909091,32585.945454545457,11103.749551709201,285.9550895789326,False
Brazil.regions.PA,739046.7090909091,16857.563636363633,4874.46443001225,102.7122493451312,False
New Zealand,1360906.3272727274,33244.27272727273,11927.884232674893,291.88918460081453,False
Cote d'Ivoire,1311527.1272727272,32906.30909090909,11777.73063712509,290.86989536783705,False
Kyrgyzstan,1149109.0363636364,30583.41818181818,9041.294571801993,253.7037230633161,False
Guyana,1335480.018181818,32657.763636363637,9085.923368237405,223.5700756833504,False
Mauritania,1321352.4545454546,32541.090909090908,11291.79892697725,278.9325889949277,False
Dominican Republic,1025233.5454545454,29343.29090909091,8866.088716156593,256.2279799116973,False
Pakistan,377117.2181818182,10519.181818181816,11539.852392550389,282.1287247547987,False
Egypt,1081499.6363636365,16985.61818181818,11710.70726502241,276.5151770354015,False
